symbol_number,name_in_hebrew,name_in_english,name_in_arabic,name_in_russian,X,Y,Distance_From_Lebanon_Border,Distance_From_GazaStrip_Border,Distance_From_Syria_Border
967,אבו ג'ווייעד (שבט) ,ABU JUWEI'ID ,أبو جويعد,,206977.0073,565472.1393,209820,62100,185510
472,אבו גוש ,ABU GHOSH ,أبو غوش,,210534.3263,634813.9596,140680,59310,121040
473,אבו סנאן ,ABU SINAN ,أبو سنان,,216186.6566,762891.9453,14000,164280,60350
935,אבו סריחאן (שבט) ,ABU SUREIHAN ,أبو سريحان,,189040.6101,574593.8317,204860,42820,185240
958,אבו עבדון (שבט) ,ABU ABDUN ,أبو عبدون,,199453.769,580314.3896,199800,36590,181860
1042,אבו עמאר (שבט) ,ABU AMMAR ,أبو عمار,,,,215870,56500,193790
932,אבו עמרה (שבט) ,ABU AMRE ,أبو عمرة,,,,215870,56500,193790
968,אבו קורינאת (שבט) ,ABU QUREINAT ,أبو قرينات,,,,215010,56880,192710
1342,אבו קרינאת (יישוב) ,ABU QUREINAT ,أبو قرينات,,196438.86,561046.9249,205910,60710,181560
966,אבו רובייעה (שבט) ,ABU RUBEI'A ,أبو ربيعة,,,,199100,52980,176180
961,אבו רוקייק (שבט) ,ABU RUQAYYEQ ,أبو رقيق,,191714.5304,565882.3972,204490,41190,185470
1375,אבו תלול ,ABU TULUL ,أبو تلول,,193812.4781,565910.4169,216770,54480,195390
652,אבטין ,IBTIN ,إبطن,,210851.5602,740834.6445,216770,54480,195390
1275,אבטליון ,AVTALYON ,أڤتَليون,,233228.8983,749154.1198,24300,159690,39790
679,אביאל ,AVI'EL ,أڤيئيل,Авиэль,199616.8089,715276.6292,63200,114130,75920
1115,אביבים ,AVIVIM ,أڤيڤيم,Авивим,244368.9927,777107.7224,470,189570,32500
819,אביגדור ,AVIGEDOR ,أڤيچدور,Авигдор,175778.5001,624224.9967,157180,25100,149750
175,אביחיל ,AVIHAYIL ,أڤيحايِل,Авихаил,188164.1043,695191.485,85300,91080,94460
2052,אביטל ,AVITAL ,أڤيتال,Авиталь,228853.1598,718138.6966,55550,131530,47530
1070,אביעזר ,AVI'EZER ,أڤيعيزِر,Авиэзер,201599.7238,621035.0598,155880,45380,137440
1220,אבירים ,ABBIRIM ,أبيريم,Абирим,227180.9847,771470.6024,5900,176640,50430
182,אבן יהודה ,EVEN YEHUDA ,إيڤِن يِهودا,Эвен-Йехуда,189481.6015,686635.7491,93590,83600,97810
1081,אבן מנחם ,EVEN MENAHEM ,إيڤِن مِنَحيم,Эвен Менахем,227716.5102,775372.8969,2930,180570,49200
783,אבן ספיר ,EVEN SAPPIR ,إيڤِن سَپير,Эвен Сапир,212796.1771,630072.6613,145120,59070,124190
400,אבן שמואל ,EVEN SHEMU'EL ,إيڤِن شموئيل,Эвен Шмуэль,177807.8743,609259.6689,171450,19090,160390
4011,אבני איתן ,AVNE ETAN ,أڤني إيتان,Авне Этан,272057.1639,747902.0443,38370,181550,5030
3793,אבני חפץ ,AVNE HEFEZ ,أڤني حيفِتس,,206992.133,688057.5689,89120,94340,82320
3786,אבנת ,AVENAT ,أڤنات,Авенат,241534.9017,620749.9602,152680,83920,122310
1311,אבשלום ,AVSHALOM ,أڤشَلوم,Авшалом,136239.8541,567408.9103,222810,6110,218800
3759,אדורה ,ADORA ,أدورا,Адора,201740.3036,606714.2873,169940,42780,149940
113,אדירים ,ADDIRIM ,أديريم,Аддирим,225803.3209,717210.5745,56890,128860,50880
1068,אדמית ,ADAMIT ,أدَميت,Адамит,219889.9808,776068.6839,1000,177900,57050
1123,אדרת ,ADDERET ,أديرِت,,199546.0036,618646.7735,158620,42690,140510
446,אודים ,UDIM ,أوديم,Удим,185700.7681,685724.1623,95040,81490,101180
4010,אודם ,ODEM ,أودِم,,270329.0868,788776.5343,12200,213130,6430
1046,אוהד ,OHAD ,أوهَد,,145868.5112,571971.7196,215430,8490,209310
2710,אום אל-פחם ,UMM AL-FAHM ,أم الفحم,Умм-эль-Фахм,214214.9183,714102.0366,69120,122830,52450
2024,אום אל-קוטוף ,UMM AL-QUTUF ,أم القطف,,205802.4233,708202.8773,69120,122830,52450
1358,אום בטין ,UMM BATIN ,أم بطين,,188982.2774,575675.3961,69080,110610,72990
1108,אומן ,OMEN ,أومِن,,223021.6043,718784.9429,55790,128600,52790
680,אומץ ,OMEZ ,أومِتس,,199665.2614,697403.8559,80850,98200,83240
31,אופקים ,OFAQIM ,أُفَكيم,Офаким,163796.0529,579871.3594,203130,22310,192450
1294,אור הגנוז ,OR HAGANUZ ,أور هچَنوز,,242033.8697,767876.6403,6920,180390,36770
67,אור הנר ,OR HANER ,أور هنير,,162152.8194,607313.8745,176910,3640,171450
2400,אור יהודה ,OR YEHUDA ,أور يِهودا,Ор-Йехуда,186588.3236,659471.3286,120420,59200,116510
1020,אור עקיבא ,OR AQIVA ,أور عكيڤا,Ор-Акива,192736.1735,712855.8218,67250,108940,83350
780,אורה ,ORA ,أورا,Ора,214936.4478,629310.143,145840,60290,124230
2012,אורות ,OROT ,أوروت,,174987.5692,627855.9726,153940,27250,147600
4013,אורטל ,ORTAL ,أورتال,,271481.9442,776744.0033,21330,203140,7260
403,אורים ,URIM ,أوريم,Урим,154656.9674,579405.5878,205900,14250,198180
882,אורנים ,ORANIM ,أُرَنيم,,210496.2916,735330.0298,41770,136810,61310
3760,אורנית ,ORANIT ,أُرَنيت,Оранит,199249.9915,670803.9194,107070,76040,99370
278,אושה ,USHA ,أوشا,,210995.2155,744576.3809,32500,145460,60890
565,אזור ,AZOR ,أزور,Азор,181867.5257,659050.8326,121950,56080,120370
1157,אחווה ,AHAWA ,أحَڤا,Ахава,178185.9856,627980.6668,153090,29440,145390
821,אחוזם ,AHUZZAM ,أحُزام,Ахуззам,178241.7764,606942.5752,173750,19310,162060
1330,אחוזת ברק ,AHUZZAT BARAQ ,أحُزات بَراك,Ахузат Барак,231928.6643,727713.0384,45840,140940,41340
785,אחיהוד ,AHIHUD ,أحيهود,Ахихуд,216805.2854,756917.6154,19900,159000,57710
850,אחיטוב ,AHITUV ,أحيتوڤ,,199347.8665,699336.5415,79050,99660,82680
804,אחיסמך ,AHISAMAKH ,أحيسَماخ,Ахисамах,191340.8645,649057.4436,129880,54120,120740
797,אחיעזר ,AHI'EZER ,أحيعيزِر,Ахиэзер,188015.0726,654283.3452,125250,55920,119220
965,אטרש (שבט) ,ATRASH ,أطرش,,,,125250,55920,119220
338,איבים ,IBBIM ,إبيم,Ибим,163021.2301,604728.9419,179210,4120,172930
716,אייל ,EYAL ,إيال,Эяль,198217.3046,679724.5897,98480,82400,94510
77,איילת השחר ,AYYELET HASHAHAR ,أييلِت هشاحَر,Айелет-ха-Шахар,254387.5863,769777.7859,10090,188410,24840
294,אילון ,ELON ,إيلون,,220697.712,774302.268,2910,176600,56400
1126,אילות ,ELOT ,إيلوت,,196090.4628,388091.1479,387220,193760,359220
49,אילניה ,ILANIYYA ,إيلَنيا,Илания,238389.7067,740021.9327,33380,154840,33240
2600,אילת ,ELAT ,إيلات,Эйлат,193982.2397,384601.1613,390230,195910,362360
1336,אירוס ,IRUS ,إيروس,,178958.3484,648435.5254,132920,45670,129790
3762,איתמר ,ITAMAR ,إيتمار,Итамар,229184.8538,675639.3656,97970,99160,76550
37,איתן ,ETAN ,إيتان,,176120.2789,608991.4829,172050,17510,161560
886,איתנים ,ETANIM ,إيتَنيم,,209155.4018,631742.6071,143870,56600,124350
478,אכסאל ,IKSAL ,إكسال,,230532.1016,731813.4439,41620,143850,41590
1339,אל-עזי ,AL-AZY ,العزي,,180948.2126,625628.3852,41620,143850,41590
1316,אל-עריאן ,AL-ARYAN ,العريان,,212010.769,711558.1461,41620,143850,41590
4003,אל-רום ,EL-ROM ,إيل روم,,272350.3253,787208.6914,41620,143850,41590
1359,אל סייד ,AL SAYYID ,السيد,,191783.2494,577062.6102,176620,43450,155900
1145,אלומה ,ALUMMA ,ألُما,,175650.919,617825.29,163480,20770,154760
330,אלומות ,ALUMMOT ,ألُموت,,251469.451,734810.2551,41320,158330,20680
1182,אלון הגליל ,ALLON HAGALIL ,ألون هچليل,,220885.5405,740390.0153,35610,145960,50810
3579,אלון מורה ,ELON MORE ,إلون موري,Элон-Море,231575.977,682121.5683,90920,105640,69600
3604,אלון שבות ,ALLON SHEVUT ,ألون شْڤوت,Алон-Швут,211820.98,618294.4281,156990,54500,135110
429,אלוני אבא ,ALLONE ABBA ,ألوني أبا,Алоней-Абба,216324.9367,737178.913,39480,141190,55300
4017,אלוני הבשן ,ALLONE HABASHAN ,ألوني هبشان,,278701.2379,772040.9491,29840,204680,2000
868,אלוני יצחק ,ALLONE YIZHAQ ,ألوني يِتسحاك,Алоней-Ицхак,200633.9674,712933.5238,65410,112380,75780
285,אלונים ,ALLONIM ,ألونيم,Алоним,213809.3611,736259.8391,40630,139100,57910
4002,אלי-עד ,ELI AL ,إلي عاد,,269201.9334,745761.4822,40630,139100,57910
1365,אליאב ,ELIAV ,إليآڤ,,193712.8384,604347.1121,38300,178020,5990
41,אליכין ,ELYAKHIN ,إليَخين,Эльяхин,193152.9395,701564.1042,77960,98920,87080
1248,אליפז ,ELIFAZ ,إليفاز,Элифаз,200826.6221,411789.5849,362950,173350,334840
730,אליפלט ,ELIFELET ,إليفيلِت,,251666.9279,761388.9619,16280,179980,29080
682,אליקים ,ELYAQIM ,إليَكيم,,206582.224,726387.4978,51120,127110,66350
204,אלישיב ,ELYASHIV ,إليَشيڤ,,191699.2124,698382.4035,81140,95640,89690
841,אלישמע ,ELISHAMA ,إليشَماع,Элишама,193394.7298,673237.6897,105730,74290,102380
1125,אלמגור ,ALMAGOR ,ألمچور,,256683.5541,757451.5014,21700,179710,23140
3556,אלמוג ,ALMOG ,ألموچ,Альмог,243794.4597,632584.7537,140750,89120,110050
1309,אלעד ,EL'AD ,إلعاد,Эльад,196084.9638,661964.4267,116420,66930,108140
3618,אלעזר ,EL'AZAR ,إلعَزار,,213663.3602,618565.2234,156100,56090,133830
3750,אלפי מנשה ,ALFE MENASHE ,ألفي مِنَشي,Альфей-Менаше,201590.9217,675174.4031,102130,80880,94820
603,אלקוש ,ELQOSH ,إلكوش,,230606.0459,770912.48,3770,177630,47150
3560,אלקנה ,ELQANA ,إلكنا,Элькана,203626.1607,668496.8796,108730,76870,98130
772,אמונים ,EMUNIM ,إمونيم,,169428.523,628026.4474,155130,23720,151210
1064,אמירים ,AMIRIM ,أميريم,Амирим,242366.1175,760380.0567,14260,174100,36120
1253,אמנון ,AMNUN ,أمنون,,253965.0714,756630.4011,21490,177270,24840
23,אמציה ,AMAZYA ,أمَتْسيا,,191761.3595,604792.8876,173860,32900,156620
4012,אניעם ,ANI'AM ,أنيعام,,269577.4476,762675.9902,26590,191510,12610
960,אסד (שבט) ,ASAD ,أسد,,,,26590,191510,12610
3754,אספר ,ASEFAR ,أسفار,,217850.1939,610365.6928,163450,59830,139060
529,אעבלין ,I'BILLIN ,إعبلين,,218209.5981,747702.9541,29010,151300,54160
963,אעצם (שבט) ,A'SAM ,أعصم,,191841.5905,561236.7545,200040,41450,180300
959,אפיניש (שבט) ,AFEINISH ,أفينش,,199453.769,580314.3896,196060,47510,174370
4301,אפיק ,AFIQ ,أفيك,,266147.4963,742757.6682,39090,173920,6720
176,אפיקים ,AFIQIM ,أفيكيم,,254519.1126,731863.7957,44920,158030,18710
313,אפק ,AFEQ ,أفيك,,212302.2066,749405.8343,27580,150370,60250
3650,אפרת ,EFRAT ,إفرات,Эфрат,214198.2615,617813.0605,156070,57320,133400
701,ארבל ,ARBEL ,أربيل,,245610.409,746461.1292,28540,164190,27040
3598,ארגמן ,ARGAMAN ,أرچمان,,249396.9276,675501.5126,98780,114420,67480
714,ארז ,EREZ ,إيرِز,Эрез,158912.7305,607710.6559,177480,1610,173280
3570,אריאל ,ARI'EL ,أريئيل,Ариэль,216862.7944,668104.2558,106790,85880,89240
1324,ארסוף ,ARSUF ,أرسوف,,192996.3316,614385.4086,101300,75100,106720
71,אשבול ,ESHBOL ,إشبول,,168286.7364,595140.8607,187160,13350,177330
1276,אשבל ,NAHAL ESHBAL ,إشبال,,228861.0902,753539.9423,20570,161440,45080
70,אשדוד ,ASHDOD ,أشدود,Ашдод,167582.8805,635675.818,150810,26100,149310
199,אשדות יעקב (איחוד) ,ASHDOT YA'AQOV(IHUD) ,أشدوت يعكوڤ (إحود),,254729.0324,729408.6454,150810,26100,149310
188,אשדות יעקב (מאוחד) ,ASHDOT YA'AQOV(ME'UH ,أشدوت يعكوڤ (مِؤُحاد),,254830.3077,730186.501,150810,26100,149310
1188,אשחר ,ESHHAR ,إشحار,,228445.3347,754563.0022,19690,162110,45880
3722,אשכולות ,ESHKOLOT ,إشكولوت,Эшколот,190972.9045,588834.7251,189520,35900,170720
2021,אשל הנשיא ,ESHEL HANASI ,إيشِل هنَسي,,171184.218,581629.1015,189520,35900,170720
1152,אשלים ,ASHALIM ,أشليم,,171812.9899,541653.5241,239260,48090,221750
7100,אשקלון ,ASHQELON ,أشكِلون,Ашкелон,159183.2739,618811.6413,165520,11350,163670
1256,אשרת ,ASHERAT ,أشرات,,215046.0787,763967.1973,165520,11350,163670
740,אשתאול ,ESHTA'OL ,إشتَؤول,Эштаол,200916.5289,632102.8403,145240,49680,128410
1298,אתגר ,ETGAR ,اتجار ,,,,23830,157560,48990
6000,באקה אל-גרביה ,BAQA AL-GHARBIYYE ,باقة الغربية,Бака-Аль-Гарбия,204103.4231,702912.7022,75420,105620,74830
21,באר אורה ,BE'ER ORA ,بِئير أورا,,198402.3557,402578.0006,372740,181230,344730
1376,באר גנים ,BEER GANNIM ,بِئير چنيم,,163035.7324,623198.785,161460,16020,158970
155,באר טוביה ,BE'ER TUVEYA ,بِئير توڤِيا,Беэр-Товия,173492.7045,626674.3107,154970,26000,148850
2530,באר יעקב ,BE'ER YA'AQOV ,بِئير يعكوڤ,Беэр-Яаков,184930.6173,649631.406,130450,50380,124680
1278,באר מילכה ,BE'ER MILKA ,بِئير مِلكا,,143323.7477,538139.9091,248610,34790,238570
9000,באר שבע ,BE'ER SHEVA ,بِئير شيڤع,Беэр-Шева,179975.3102,573353.3219,206000,36500,189260
450,בארות יצחק ,BE'EROT YIZHAQ ,بِئِروت يِتسحاك,Беэрот-Ицхак,191662.9989,660944.6127,118130,63370,111930
697,בארותיים ,BE'EROTAYIM ,بِئِروتايِم,,198827.3182,691989.1446,86410,92930,87000
399,בארי ,BE'ERI ,بِئِري ,Беэри,151665.5291,592697.8044,194010,4710,189480
559,בוסתן הגליל ,BUSTAN HAGALIL ,بُستان هچليل,,208073.01,761817.1502,15970,160300,67540
482,בועיינה-נוג'ידאת ,BU'EINE-NUJEIDAT ,بوتسرا,Буейне-Нуджидат,234847.6576,745917.4556,15970,160300,67540
4001,בוקעאתא ,BUQ'ATA ,بقعاثا,Буката,273129.8703,789557.639,13170,215290,3540
698,בורגתה ,BURGETA ,بُرچِتا,,196671.0289,692314.3129,86380,92250,88490
2043,בחן ,BAHAN ,باحَن,,202076.8484,695244.964,82540,97530,82360
762,בטחה ,BITHA ,بِتحا,,164986.2495,582657.988,200160,21280,189490
234,ביצרון ,BIZZARON ,بِتسَرون,Бизарон,174546.9148,633807.4743,148220,31510,143430
998,ביר אל-מכסור ,BIR EL-MAKSUR ,بئر المكسور ,Бир-эль-Максур,221189.7767,742698.3405,208140,46490,187840
1348,ביר הדאג' ,BIR HADAGE ,بئر هداج,Бир-Хададж,172405.7835,548447.836,232810,43800,215790
368,ביריה ,BIRIYYA ,بيريا,,247094.5446,764837.2932,11720,180350,33440
317,בית אורן ,BET OREN ,بيت أورِن,Бейт-Орен,200721.7223,737465.1953,41270,134960,70850
3574,בית אל ,BET EL ,بيت إيل,Бейт-Эль,221031.4195,649824.0908,124250,76390,102640
562,בית אלעזרי ,BET EL'AZARI ,بيت إلعزَري,Бейт-Эльазари,181484.2892,639151.5944,141460,40120,134770
95,בית אלפא ,BET ALFA ,بيت ألفا,Бейт-Альфа,240865.6943,713675.987,59840,135360,40050
3652,בית אריה ,BET ARYE ,بيت أرْيي – عُفَريم,Бейт-Арье-Офарим,204700.4326,660662.895,116790,71520,103310
1076,בית ברל ,BET BERL ,بيت بيرل,,193266.2679,678680.5027,100400,78760,99090
480,בית ג'ן ,BEIT JANN ,بيت جن,Бейт-Джан,235733.5059,763305.0347,10120,173120,43280
619,בית גוברין ,BET GUVRIN ,بيت چُڤرين,,190168.6732,613367.1071,10120,173120,43280
571,בית גמליאל ,BET GAMLI'EL ,بيت چمليئيل,Бейт-Гамлиэль,177525.8435,640567.3108,140990,38570,136450
466,בית דגן ,BET DAGAN ,بيت دَچان,Бейт-Даган,183680.172,656296.0917,123940,55190,120520
723,בית הגדי ,BET HAGADDI ,بيت هچَدي,,162639.4345,592719.4709,190970,11310,182700
373,בית הלוי ,BET HALEVI ,بيت هلِڤي,,193794.4794,695561.1364,83650,93830,89260
322,בית הלל ,BET HILLEL ,بيت هيلل,Бейт-Хиллель,256823.2959,790521.7135,4280,207250,17830
572,בית העמק ,BET HAEMEQ ,بيت هعيمِك,,213928.088,763952.2334,12820,164510,62860
3645,בית הערבה ,BET HAARAVA ,بيت هعَرَڤا,,245339.9998,635094.413,138550,91210,107470
242,בית השיטה ,BET HASHITTA ,بيت هشِتا,Бейт-ха-Шита,241517.8852,717384.1907,56100,138740,37140
353,בית זיד ,BET ZEID ,بيت زايد,,211019.5359,734145.8914,42710,136720,59310
710,בית זית ,BET ZAYIT ,بيت زايِت,,215424.1148,632187.6927,142550,62400,120980
143,בית זרע ,BET ZERA ,بيت زيرَع,Бейт-Зера,254066.9752,732757.5142,43920,158470,18750
3575,בית חורון ,BET HORON ,بيت حورون,,211796.9519,642990.9084,132510,64870,113380
877,בית חירות ,BET HERUT ,بيت حِروت,,187768.2525,698508.835,80440,96360,89140
2033,בית חלקיה ,BET HILQIYYA ,بيت حِلْكِيا,,182271.4147,633313.9183,146970,36220,138610
159,בית חנן ,BET HANAN ,بيت حَنان,Бейт-Ханан,178543.2918,648784.8714,132400,45960,129620
800,בית חנניה ,BET HANANYA ,بيت حَنَنْيا,,193285.5696,715000.0829,64950,111230,82080
1050,בית חשמונאי ,BET HASHMONAY ,بيت حشموناي,,192479.2893,644002.6818,134730,50900,123940
288,בית יהושע ,BET YEHOSHUA ,بيت يِهوشووَع,Бейт-Иехошуа,187378.5284,685230.46,95140,81730,100020
265,בית יוסף ,BET YOSEF ,بيت يوسيف,,251646.4699,718092.8575,57370,146210,28650
200,בית ינאי ,BET YANNAY ,بيت يناي,,187357.4614,698496.0667,82200,93940,93570
326,בית יצחק-שער חפר ,BET YIZHAQ-SH. HEFER ,بيت يِتسحاك – شاعَر حيفِر,,189902.3423,693375.4245,82200,93940,93570
430,בית לחם הגלילית ,BET LEHEM HAGELILIT ,بيت ليحِم هچليليت,,218278.5186,737780.4635,150760,62550,127250
751,בית מאיר ,BET ME'IR ,بيت مِئير,,203581.3527,633508.1554,134520,59630,117310
784,בית נחמיה ,BET NEHEMYA ,بيت نِحِمْيا,Бейт-Нехемия,195926.1167,653614.7108,124490,60630,114220
16,בית ניר ,BET NIR ,بيت نير,,188089.6537,617337.5469,161720,31370,147830
672,בית נקופה ,BET NEQOFA ,بيت نِكوفا,,212055.1202,634614.9232,140610,60500,120450
202,בית עובד ,BET OVED ,بيت عوڤيد,Бейт-Овед,178749.2632,647749.7013,133640,45000,130410
301,בית עוזיאל ,BET UZZI'EL ,بيت عُزيئيل,,191207.4576,642026.0762,136930,48560,126280
756,בית עזרא ,BET EZRA ,بيت عِزرا,,167395.3011,627001.1899,156220,22030,152940
604,בית עריף ,BET ARIF ,بيت عريف,Бейт-Ариф,193945.5264,655882.8009,122770,61010,113930
212,בית צבי ,BET ZEVI ,بيت تْسڤي,,197450.3588,736105.4171,97290,101230,74790
598,בית קמה ,BET QAMA ,بيت كَما,Бейт-Кама,177333.3769,595140.5866,185440,20860,172280
365,בית קשת ,BET QESHET ,بيت كيشِت,,237207.9946,736025.0314,37330,150840,34560
848,בית רבן ,BET RABBAN ,بيت رَبان,,174479.0073,636150.1277,145960,33250,141740
1162,בית רימון ,BET RIMMON ,بيت رِمون,,231235.3897,743124.6588,30620,153360,40810
9200,בית שאן ,BET SHE'AN ,بيت شِآن,Бейт-Шеан,247138.8652,711634.0844,62950,137690,37150
2610,בית שמש ,BET SHEMESH ,بيت شيمِش,Бейт-Шемеш,199782.6636,624450.9704,151070,45180,134140
248,בית שערים ,BET SHE'ARIM ,بيت شِعريم,Бейт Шаарим,216940.0525,733480.2549,43130,138210,54960
747,בית שקמה ,BET SHIQMA ,بيت شِكما,,162923.9431,616312.3071,43130,138210,54960
252,ביתן אהרן ,BITAN AHARON ,بيتان أهرون,,188040.8999,696791.3433,83740,92540,93820
3780,ביתר עילית ,BETAR ILLIT ,بيتار عِليت,Бейтар-Илит,210802.9693,622871.3749,152450,54740,131360
94,בלפוריה ,BALFURIYYA ,بلفوريا,,228116.4746,726203.1768,47670,137560,45510
760,בן זכאי ,BEN ZAKKAY ,بين زكاي,Бен-Закай,174369.5859,640486.6685,141670,36650,138570
712,בן עמי ,BEN AMMI ,بين عمي,,211912.7102,767682.1714,9510,167290,66120
1084,בן שמן (כפר נוער) ,BEN SHEMEN(K.NO'AR) ,بين شيمِن,Бен-Ше́мен (молодёжная деревня),193301.5944,651895.5114,127640,56610,118250
2013,בן שמן (מושב) ,BEN SHEMEN (MOSHAV) ,بين شيمِن,Бен-Ше́мен,192721.6745,651052.7563,127640,56610,118250
6100,בני ברק ,BENE BERAQ ,بني براك,Бней-Брак,184664.9222,666370.5283,114560,63420,113780
1368,בני דקלים ,BNE DKALIM ,بني دكليم,,192221.8808,602946.4101,114560,63420,113780
592,בני דרום ,BENE DAROM ,بني دروم,Бней-Даром,170964.758,636501.1934,146450,31350,143860
386,בני דרור ,BENE DEROR ,بني درور,Бней-Дрор,190636.6484,685416.315,94260,83370,97160
4015,בני יהודה ,BENE YEHUDA ,بني يِهودا,Бней Иегуда,264891.2605,744943.4363,36750,174770,8830
1363,בני נצרים ,BENE NEZARIM ,بني نِتَسريم,,134582.3515,561600.1315,228720,9850,224230
448,בני עטרות ,BENE ATAROT ,بني عتَروت,Бней-Атарот,191994.7008,659037.4292,120000,62110,113030
1066,"בני עי""ש ",BENE AYISH ,بني عايِش,Бней-Айш,177411.3946,633029.8046,148280,32810,142050
418,בני ציון ,BENE ZIYYON ,بني تْسِيون,,187904.107,680776.8358,99520,77780,102310
588,בני ראם ,BENE RE'EM ,بني رِئيم,,180296.3723,630859.3463,149710,33120,141710
685,בניה ,BENAYA ,بْنَيا,Бная,176685.5214,639054.5729,142580,36950,138050
9800,בנימינה-גבעת עדה ,BINYAMINA ,بِنيَمينا – چِڤعات عدا,Биньямина-Гиват-Ада,195299.4524,713965.2371,65230,111230,80620
1326,"בסמ""ה ",BASMA ,بسمة,Басма,214550.3453,716794.9395,65520,111130,79870
944,בסמת טבעון ,BASMAT TAB'UN ,بسمة طبعون,Басмат-Табун,213605.9871,737897.1052,65520,111130,79870
483,בענה ,BI NE ,البعينة–نجيدات,Бина,226047.7246,759334.0996,65520,111130,79870
389,בצרה ,BAZRA ,البعنة,,188809.1919,680072.9877,99990,77600,101990
589,בצת ,BEZET ,بيتْسِت,,212921.4627,775055.4933,2210,174490,64050
864,בקוע ,BEQOA ,بكووَع,,192970.3927,637423.7721,141180,46570,128720
3612,בקעות ,BEQA'OT ,بِكَعوت,,242840.4718,683363.7816,90300,114230,63020
823,בר גיורא ,BAR GIYYORA ,بار چيورا,,207008.9692,626280.4066,149630,52260,130180
1191,בר יוחאי ,BAR YOHAY ,بار يوحاي,,242250.3515,766982.3517,7750,179720,36970
3744,ברוכין ,BRUKHIN ,بروخين,,208401.0232,665195.683,111100,77630,97200
428,ברור חיל ,BEROR HAYIL ,بْرور حايِل,,166383.146,607432.6387,175690,7870,168580
2060,ברוש ,BEROSH ,بْروش,,164983.0857,586666.9327,196160,17770,186060
3710,ברכה ,BERAKHA ,بْرَخا,Браха,225203.214,677708.0361,96160,97910,77120
746,ברכיה ,BEREKHYA ,بِرِخيا,,164588.7074,619842.4039,164300,14410,160480
667,ברעם ,BAR'AM ,برعام,,240937.7447,773659.4664,860,184920,36490
141,ברק ,BARAQ ,براك,Барак,225151.8273,716541.3781,57680,127910,51790
617,ברקאי ,BARQAY ,بركاي,,202995.9694,709033.3342,68890,109910,75090
3654,ברקן ,BARQAN ,بركان,Баркан,210353.9546,668281.7129,107950,80860,93980
2038,ברקת ,BAREQET ,بريكِت,Барекет,194993.1414,658041.4125,120450,63240,111730
1323,בת הדר ,BAT HADAR ,بات هَدار,,182854.0355,680078.242,167340,10870,164050
1361,בת חן ,BAT HEN ,بات حين,,188158.355,696318.1596,84260,92080,93870
1319,בת חפר ,BAT HEFER ,بات حيفِر,,201472.4294,693309.2337,84610,95520,83910
6200,בת ים ,BAT YAM ,بات يام,Бат-Ям,176423.4831,657968.8081,124090,52660,124970
3794,בת עין ,BAT AYIN ,بات عايِن,,209552.6326,618491.6271,157000,52340,135840
33,בת שלמה ,BAT SHELOMO ,بات شلُمو,Бат-Соломон,200582.5955,722918.6258,55540,121470,72900
1292,ג'דיידה-מכר ,JUDEIDE-MAKER ,جديدة–مكر,Джудейда-Макр,213374.6999,759652.9886,155670,50610,135370
485,ג'וליס ,JULIS ,جولس,Джулис,217247.3271,760702.7561,15970,162910,58170
627,ג'לג'וליה ,JALJULYE ,جسر الزرقاء,Джальджулия,195924.5816,673075.2219,105370,75670,100520
976,ג'נאביב (שבט) ,JUNNABIB ,جلجولية,,,,197670,58380,173250
541,ג'סר א-זרקא ,JISR AZ-ZARQA ,جنابيب,Джиср-эз-Зарка,191932.2477,715881.5537,66210,122630,53690
487,ג'ש (גוש חלב) ,JISH(GUSH HALAV) ,الجش (چوش حَلاڤ),Джиш (Гуш Халав),242119.8848,769737.7139,168420,57620,144240
628,ג'ת ,JAAT ,جت,Джат,203561.591,700608.3153,77110,102900,78210
872,גאולי תימן ,GE'ULE TEMAN ,چِؤولي تيمان,,190951.9081,699717.6063,80100,96470,89810
379,גאולים ,GE'ULIM ,چِؤوليم ,,195453.7738,689305.7921,89560,88890,91430
853,גאליה ,GE'ALYA ,چِأليا ,Геалия,177965.2724,643567.9311,137830,41240,133920
352,גבולות ,GEVULOT ,چڤولوت,,149065.5261,569016.2065,217350,12910,209770
424,גבים ,GEVIM ,چِڤيم,,161686.4619,601970.9709,182330,4380,175870
86,גבע ,GEVA ,چيڤع,Гева,235300.9235,719143.1458,54160,136050,41580
3763,גבע בנימין ,GEVA BINYAMIN ,چيڤع بِنيَمين,Гева-Биньямин,226211.4812,639676.0742,134020,75290,109560
683,גבע כרמל ,GEVA KARMEL ,چيڤع كرميل,,196079.5179,729838.3847,49860,126120,76220
2014,גבעולים ,GIV'OLIM ,چِڤعوليم,,161102.8131,589565.0151,194370,13340,186110
3644,גבעון החדשה ,GIV'ON HAHADASHA ,چِڤعون هحدشا,Гивон-ха-Хадаша,215126.8761,639483.3858,135330,65570,114710
1344,גבעות בר ,GEVA'OT BAR ,چِڤعوت بار,,177027.1579,585037.3449,195470,26670,180950
1362,גבעות עדן ,GIV'OT EDEN ,چِڤعوت عيدِن,,,,158030,44480,139410
1293,גבעת אבני ,GIV'AT AVNI ,چِڤعات أڤني,,241353.0564,742259.484,31520,158370,30450
1288,גבעת אלה ,GIV'AT ELA ,چِڤعات إلا,,223273.8317,736324.2186,38620,143680,48480
147,גבעת ברנר ,GIV'AT BRENNER ,چِڤعات برينِر,Гиват-Бренер,181272.5998,641718.5331,139090,41850,133090
870,גבעת השלושה ,GIV'AT HASHELOSHA ,چِڤعات هشلوشا,Гиват-ха-Шлоша,192809.1103,667311.5977,111720,69030,106820
3730,גבעת זאב ,GIV'AT ZE'EV ,چِڤعات زِئيڤ,Гиват-Зеэв,215340.4011,641077.3407,133830,67190,112990
207,"גבעת ח""ן ",GIV'AT HEN ,چِڤعات حين,,188669.0234,675076.5036,104990,73060,105210
2018,גבעת חיים (איחוד) ,GIV'AT HAYYIM (IHUD) ,چِڤعات حَييم (إحود),,193934.3928,700646.1951,70870,107920,76490
173,גבעת חיים (מאוחד) ,GIV'AT HAYYIM(ME'UHA ,چِڤعات حَييم (مِؤُحاد),,193761.9674,699787.1589,70870,107920,76490
4021,גבעת יואב ,GIV'AT YO'AV ,چِڤعات يوآڤ,,264144.941,744973.1065,36300,174350,9500
787,גבעת יערים ,GIV'AT YE'ARIM ,چِڤعات يِعَريم,,208799.0379,632665.7595,143060,56700,123770
919,גבעת ישעיהו ,GIV'AT YESHA'YAHU ,چِڤعات يِشعياهو,,195117.6713,619794.8492,158290,38830,141910
802,"גבעת כ""ח ",GIV'AT KOAH ,چِڤعات كووَح,,194087.4768,659789.152,118970,63930,111130
360,"גבעת ניל""י ",GIV'AT NILI ,چِڤعات نيلي,,204163.8494,717076.7304,60700,117690,71040
703,גבעת עוז ,GIV'AT OZ ,چِڤعات عوز,,218886.8683,717897.3593,57590,125600,56940
681,גבעת שמואל ,GIV'AT SHEMU'EL ,چِڤعات شموئيل,,186075.0373,664914.1637,115310,63240,113420
566,גבעת שמש ,GIV'AT SHEMESH ,چِڤعات شيمِش,,195496.2244,631415.6426,146740,44720,132060
1077,גבעת שפירא ,GIV'AT SHAPPIRA ,چِڤعات شَپيرا,,188629.9261,696019.4889,84440,91970,93660
793,גבעתי ,GIV'ATI ,چِڤعتي,,169744.0121,626779.7255,156210,23110,151800
6300,גבעתיים ,GIV'ATAYIM ,چِڤعتايم,Гиватаим,182247.9274,664184.7933,116840,60670,116760
342,גברעם ,GEVAR'AM ,چڤَرعام,,163246.3208,611224.5291,172900,7050,167780
133,גבת ,GEVAT ,چْڤات,Гват,220180.9381,731178.9668,44440,137660,52130
35,גדות ,GADOT ,چَدوت,,258282.24,769257.4873,13340,190150,21590
145,גדיש ,GADISH ,چديش,,223284.2047,718293.713,56260,128300,52760
442,גדעונה ,GID'ONA ,چِدعونا,,234011.3212,717184.3529,56180,133700,43660
2550,גדרה ,GEDERA ,چِدِرا,Гедера,179217.7094,635457.1174,145530,35850,139010
852,גונן ,GONEN ,چونين,,260684.867,780918.1215,10820,201400,16110
755,גורן ,GOREN ,چورِن,,222343.6968,773588.9194,3930,176620,54650
1219,גורנות הגליל ,GORNOT HAGALIL ,چُرنوت هچليل,,223674.6198,773860.1926,3770,177350,53510
457,גזית ,GAZIT ,چزيت,,242203.0224,727072.975,46660,146610,31850
370,גזר ,GEZER ,چيزِر,,192589.1523,642643.5638,136020,50050,124830
706,גיאה ,GE'A ,چيئة,,162401.5886,615222.1905,169300,9540,165310
196,גיבתון ,GIBBETON ,چِبتون,,181187.7809,644051.4592,136690,43670,131340
1043,גיזו ,GIZO ,چيزو,,194284.1836,634725.9559,143620,45780,130070
1204,גילון ,GILON ,چيلون,Гилон,222412.2221,756538.2294,20310,161080,52280
736,גילת ,GILAT ,چيلات,,167013.022,581818.3957,200390,22750,189000
262,גינוסר ,GINNOSAR ,چِنوسار,Гиносар,249346.5395,750414.8158,25710,169530,24970
92,גיניגר ,GINNEGAR ,چِنيچار,,224514.7193,729928.759,25710,169530,24970
863,גינתון ,GINNATON ,چِنتون,Гинатон,191979.3488,652283.0239,126720,56900,118010
1206,גיתה ,GITTA ,چِتا,,223746.4185,763574.7692,13890,167990,53890
3613,גיתית ,GITTIT ,چِتيت,,237687.3368,667649.2883,105740,100070,79400
393,גלאון ,GAL'ON ,چَلؤون,,185630.0714,615712.754,163710,28600,150490
3606,גלגל ,GILGAL ,چِلچال,,242221.2234,656274.3026,163710,28600,150490
346,גליל ים ,GELIL YAM ,چْليل يام,,184204.3297,673863.4292,107000,70080,109220
369,גלעד (אבן יצחק) ,EVEN YIZHAQ(GAL'ED) ,چَلعيد (إيڤِن يِتسحاك),,207410.5737,718087.2463,59210,120040,67680
745,גמזו ,GIMZO ,چِمزو,,194516.0053,648383.5442,59210,120040,67680
1072,גן הדרום ,GAN HADAROM ,چان هدَروم,Ган ха-Даром,171776.9791,634693.6996,59210,120040,67680
225,גן השומרון ,GAN HASHOMERON ,چان هشومرون,,200361.2056,707685.465,59210,120040,67680
239,גן חיים ,GAN HAYYIM ,چان حَييم,Ган-Хаим,191305.8825,677992.5545,59210,120040,67680
734,גן יאשיה ,GAN YOSHIYYA ,چان يوشِيا,,199621.3205,695180.9034,59210,120040,67680
166,גן יבנה ,GAN YAVNE ,چان يَڤني,Ган-Явне,173197.8992,633415.377,59210,120040,67680
1274,גן נר ,GAN NER ,چان سوريك,,231645.8013,714817.1522,59210,120040,67680
311,גן שורק ,GAN SOREQ ,چان شلُمو,Ган-Сорек,177315.6832,650257.0131,59210,120040,67680
144,גן שלמה ,GAN SHELOMO ,چان شموئيل,,181022.9149,642884.4357,59210,120040,67680
72,גן שמואל ,GAN SHEMU'EL ,چان نير,Ган-Шмуэль,195621.3311,706413.418,59210,120040,67680
836,גנות ,GANNOT ,چَنوت,Ганот,183949.3525,658364.6917,122120,56650,119350
549,גנות הדר ,GANNOT HADAR ,چَنوت هَدار,,190890.5711,691941.4028,87890,89190,93680
1103,גני הדר ,GANNE HADAR ,چَني هَدار,,186291.3136,642956.8267,136840,46120,128730
1371,גני טל ,GANNE TAL ,چَني تال,,180440.1643,632907.9784,147770,34660,140190
862,גני יוחנן ,GANNE YOHANAN ,چَني يوحنان,,185357.1261,640720.5462,139350,43400,131450
3823,גני מודיעין ,GANNE MODIIN ,چَني موديعين,,,,139350,43400,131450
218,גני עם ,GANNE AM ,چَني تِكڤا,,190962.3878,673110.2989,106280,72780,104430
229,גני תקווה ,GANNE TIQWA ,چَنيعام,Ганей-Тиква,188390.2327,663143.6488,116730,62930,113000
842,געש ,GA'ASH ,چاعَش,,183774.3219,681773.5957,99440,76970,105140
463,געתון ,GA'TON ,چَعتون,,220420.3955,767903.9805,9020,170580,57740
39,גפן ,GEFEN ,چيفِن,Гефен,188566.9384,627629.2154,151530,36910,139180
1129,גרופית ,GEROFIT ,چروفيت,,206083.3875,427809.8487,346560,161210,318130
4022,גשור ,GESHUR ,چِشور,,267329.1705,747316.2542,36180,178090,8180
305,גשר ,GESHER ,چيشِر,,252023.6148,725082.7014,50640,151390,24150
574,גשר הזיו ,GESHER HAZIW ,چيشِر هزيڤ,,210732.2189,771685.137,50640,151390,24150
340,גת (קיבוץ) ,GAT(QIBBUZ) ,چات ,Гат,180509.4906,615062.9735,50640,151390,24150
128,גת רימון ,GAT RIMMON ,چات رِمون,Гат-Римон,188827.478,663956.6817,115680,64000,112000
494,דאלית אל-כרמל ,DALIYAT AL-KARMEL ,دالية الكرمل,Далият-эль-Кармель,205114.7589,733223.1475,154570,61670,130720
146,דבורה ,DEVORA ,دڤورا,Девора,225102.6812,717593.6474,56570,128760,51430
489,דבוריה ,DABBURYE ,دبورية,Дабурия,235172.6575,733041.7111,40270,147200,37040
849,דביר ,DVIR ,دڤير,,183323.5516,591204.2188,40270,147200,37040
407,דברת ,DAVERAT ,دڤرات,,233094.7152,728120.8319,45250,141990,40140
62,דגניה א' ,DEGANYA ALEF ,دچنيا ألف,Дгания,254186.343,734852.5077,42000,160140,18010
79,דגניה ב' ,DEGANYA BET ,دچنيا بيت,Дгания,254252.0643,734006.2181,42760,159570,18170
1067,"דוב""ב ",DOVEV ,دوڤيڤ,,238607.7661,773207.0525,1150,183050,39120
3747,דולב ,DOLEV ,دولِڤ,Долев,212712.0016,648164.9365,127140,68550,108530
738,דור ,DOR ,دور,,193071.6542,723685.1052,56560,119370,80110
336,דורות ,DOROT ,دوروت,,166416.2868,601633.6697,181260,8160,173210
475,דחי ,DAHI ,الدحي,,232709.07,725195.7258,48170,139310,41560
490,דייר אל-אסד ,DEIR AL-ASAD ,ديمونا,Дейр-аль-Асад,224831.5775,760310.6796,48170,139310,41560
492,דייר חנא ,DEIR HANNA ,دير الأسد,Дейр-Ханна,234775.6209,751882.9747,48170,139310,41560
493,דייר ראפאת ,DEIR RAFAT ,دير حنا,,,,48170,139310,41560
2200,דימונה ,DIMONA ,دير رافات,Димона,202602.1187,553029.9717,222490,67660,198300
2063,דישון ,DISHON ,ديشون,,248808.3932,776367.0884,1580,190990,28420
300,דליה ,DALIYYA ,دلِيا,Далия ,207309.4762,721734.0571,55650,123200,66740
431,דלתון ,DALTON ,دلتون,,246326.8885,768931.0672,7670,183450,32730
1317,דמיידה ,DEMEIDE ,ضميدة ,,221589.0551,746761.7598,29330,152030,50620
303,דן ,DAN ,دان,Дан ,261194.1904,793987.5523,2680,212590,12370
302,דפנה ,DAFNA ,دَفنا,Дафна ,259908.7259,792811.2023,1960,210940,14020
1241,דקל ,DEQEL ,ديكِل,Декель ,137803.359,567354.1958,222320,6870,217860
1349,דריג'את ,DERIG'AT ,دريجات,Дриджат,207251.4416,578754.1578,196530,54910,172940
702,האון ,HAON ,هَؤون,,258588.6284,736812.5652,41740,164630,13200
675,הבונים ,HABONIM ,هبونيم,Ха-Боним,193940.5404,726880.1342,53320,122600,78730
356,הגושרים ,HAGOSHERIM ,هچوشريم,,258603.0385,791762.7926,2540,209320,15690
191,הדר עם ,HADAR AM ,هَدار عام,,190944.1352,695074.9764,84800,92060,92090
9700,הוד השרון ,HOD HASHARON ,هود هشَرون,Ход-ха-Шарон,189170.0528,672983.6101,106300,72510,104890
726,הודיה ,HODIYYA ,هودَيوت,,166108.8746,620464.9316,163400,15740,159120
1322,הודיות ,HODAYOT ,هودِيا,,161742.0836,617250.0037,163400,15740,159120
1169,הוואשלה (שבט) ,HAWASHLA ,الهواشلة,,198021.8974,555751.3266,163400,15740,159120
956,הוזייל (שבט) ,HUZAYYEL ,هوشعيا,,176003.5924,590746.6739,189020,22830,175300
1186,הושעיה ,HOSHA'AYA ,هزورييَع,,227689.7628,740391.5973,33630,149430,44040
250,הזורע ,HAZOREA ,هزورعيم,,211534.4049,727865.2602,49230,130480,61250
307,הזורעים ,HAZORE'IM ,هزيل,,247328.3621,739149.9517,36110,159260,24280
434,החותרים ,HAHOTERIM ,هحوتريم,,196251.9015,739714.7114,40400,135480,75450
684,היוגב ,HAYOGEV ,هيوچيڤ,,219437.6669,724162.585,51380,131250,54320
1208,הילה ,HILLA ,هِلا,,223176.2251,771237.6217,6250,174760,54380
377,המעפיל ,HAMA'PIL ,همَعپيل,,198650.051,698259.3585,80230,98400,83740
677,הסוללים ,HASOLELIM ,هسولِليم,,222599.2481,739595.2268,35710,146150,49120
423,העוגן ,HAOGEN ,هعوچِن,,193039.266,696534.1003,82960,94260,89520
3769,הר אדר ,HAR ADAR ,هار أدار,,212355.4034,637107.2184,138120,62000,118140
3603,הר גילה ,HAR GILLO ,هار چيلو,,215781.6617,625752.3305,148980,60540,126530
1261,הר עמשא ,HAR AMASA ,هار عَمَسا,,209681.086,583602.2967,191560,55140,167670
464,הראל ,HAR'EL ,هرئيل,,195529.3187,635246.8642,143030,46860,129100
1249,הרדוף ,HARDUF ,هردوف,,216609.1305,741033.3374,35690,144600,55250
6400,הרצליה ,HERZELIYYA ,هِرتسليا,Герцлия,184092.1638,675213.4927,105710,71570,107580
1203,הררית ,HARARIT ,هرريت,,234591.7872,750076.4778,23210,161390,38420
3639,ורד יריחו ,WERED YERIHO ,ڤيرِد يِريحو,,241380.2976,637089.1118,136330,87870,106690
1133,ורדון ,WARDON ,ڤردون,,179330.7437,619151.7184,161500,24500,151500
2742,זבארגה (שבט) ,ZABARGA ,الزبارقة,,202950.0737,572215.7431,204850,56010,181640
815,זבדיאל ,ZAVDI'EL ,زَڤديئيل,,177328.5549,618587.814,162400,22500,153180
44,זוהר ,ZOHAR ,زوهَر,,170876.7462,611601.896,170640,13330,162680
584,זיקים ,ZIQIM ,زيكيم,,154668.7617,613157.9677,176280,54960,152410
788,זיתן ,ZETAN ,زيتان,,189751.2033,653659.1759,125680,56520,118490
9300,זכרון יעקב ,ZIKHRON YA'AQOV ,زِخرون يعكوڤ,Зихрон-Яаков,196428.7174,719347.2143,59710,116590,78350
799,זכריה ,ZEKHARYA ,زِخَريا,,194844.9902,624165.2623,154030,40410,138410
1290,זמר ,ZEMER ,زيمِر,,203677.2981,696698.8723,80730,99680,80230
1065,זמרת ,ZIMRAT ,زِمرات,,157555.8365,595285.0523,189840,6730,183740
816,זנוח ,ZANOAH ,زنووَح,,200045.2429,626653.9314,150720,46120,133490
2064,זרועה ,ZERU'A ,زروعا,,164327.6096,596423.77,186900,9450,178690
975,זרזיר ,ZARZIR ,زرزير,,221258.3241,735858.6397,38810,143050,50470
818,זרחיה ,ZERAHYA ,زِرَحيا,,176010.2348,621127.3045,160190,23010,152050
1321,ח'ואלד ,KHAWALED ,الخوالد,,241097.5159,743768.2291,36330,143510,56570
986,ח'ואלד (שבט) ,KHAWALED ,خوالد,,215131.4965,740488.737,36330,143510,56570
235,חבצלת השרון ,HAVAZZELET HASHARON ,حڤتسيلِت هشَرون,,187302.2617,696380.5819,84480,91740,94720
1110,חבר ,HEVER ,حيڤِر,,225077.755,717051.6457,84480,91740,94720
3400,חברון ,Hebron,الخليل,,208878.6616,604219.3859,171310,50040,149070
717,חגור ,HAGOR ,حَچور,,195190.3992,671668.1983,107010,74020,102060
3764,חגי ,HAGGAI ,حَچاي,,207652.3068,600092.515,175390,48940,153210
205,חגלה ,HOGLA ,هوجلا,,193210.0732,699288.317,80190,96850,88070
4026,חד-נס ,HAD-NES ,حاد نيس,,259922.0134,759989.1864,80190,96850,88070
618,חדיד ,HADID ,حديد,,193637.2027,652899.6434,125770,58470,116410
6500,חדרה ,HADERA ,حَدِرا,Хадера,191964.8863,705012.6646,74990,101660,85920
948,חוג'ייראת (ד'הרה) ,HUJEIRAT (DAHRA) ,حُچلا,,227372.181,748920.1721,25390,156680,45330
160,חולדה ,HULDA ,حُلدا,,188995.6593,637631.8521,68730,136100,39180
6600,חולון ,HOLON ,حولون,Холон,179547.8525,657938.5887,123590,53720,123220
1239,חולית ,HOLIT ,حوليت,,135725.7349,571304.8065,219390,2600,216110
253,חולתה ,HULATA ,حولاتا,,257329.4735,773009.2736,10810,192760,20760
662,חוסן ,HOSEN ,حوسِن,,228312.2951,766995.5939,8430,172980,50520
1332,חוסנייה ,HUSSNIYYA ,الحسنية,,229986.5556,756293.5968,17700,164430,44640
115,חופית ,HOFIT ,حوفيت,,188492.4314,699118.1596,81470,94780,92350
374,חוקוק ,HUQOQ ,حوكوك,,246689.7955,753947.1591,21530,170980,28960
1303,חורה ,HURA ,حورة,,193769.4725,578599.6967,198990,43690,178540
496,חורפיש ,HURFEISH ,حرفيش,Хурфейш,232790.3898,769176.0027,4640,176870,45590
355,חורשים ,HORESHIM ,حورشيم,Хоршим,197393.2671,671666.8346,106610,75330,100420
1047,חזון ,HAZON ,حَزون,,237469.196,756679.9253,16540,168440,38630
219,חיבת ציון ,HIBBAT ZIYYON ,حِبات تْسِيون,,192016.8409,700452.1966,79290,97430,88590
3643,חיננית ,HINNANIT ,حِنَنيت,,216423.2112,709612.2974,66250,117290,62700
4000,חיפה ,HAIFA ,حيفا,Хайфа,198947.2387,744928.038,34410,141490,72400
162,חירות ,HERUT ,حِروت,,192245.8327,682938.0707,30610,145940,66610
1272,חלוץ ,HALUZ ,حَلوتس,,229503.8102,761706.7258,12520,168950,47730
820,חלץ ,HELEZ ,حيلِتس,,167546.3466,609657.4106,171710,9130,165790
993,חמאם ,HAMAM ,حمام,,246177.5189,748372.4666,26760,166100,27090
801,חמד ,HEMED ,حيمِد,,185030.4216,658421.7943,121860,57310,118500
343,חמדיה ,HAMADYA ,حمَدْيا,,249155.3054,714010.4532,60820,140980,33870
3646,חמדת ,NAHAL HEMDAT ,حِمدات,,249813.7873,684218.8877,90200,120140,59220
3609,חמרה ,HAMRA ,حمرا,,241439.0601,678534.9004,95060,109730,68120
807,חניאל ,HANNI'EL ,حَنيئيل,,195329.2064,693222.5124,85650,92500,89030
280,חניתה ,HANITA ,حَنيتا,,216619.4901,776984.81,540,177570,60020
1257,חנתון ,HANNATON ,حَنَتون,,223157.6091,743314.4331,32020,149690,48580
4005,חספין ,HASPIN ,حِسپين,,274600.7049,750229.2603,38350,185090,4470
363,חפץ חיים ,HAFEZ HAYYIM ,حَفيتس حَييم,Хафец-Хаим,181205.1057,633001.926,147550,35230,139600
90,חפצי-בה ,HEFZI-BAH ,حِفْتْسي־ڤاه,,240137.2362,713940.9268,147550,35230,139600
700,חצב ,HAZAV ,حتْساڤ,,178302.9225,632059.8878,148990,32710,142140
13,חצבה ,HAZEVA ,حتْسِڤا,,226695.9368,519702.6827,253690,104560,224070
406,חצור-אשדוד ,HAZOR-ASHDOD ,حتْسور (أشدود),,173582.8542,631194.2921,253690,104560,224070
2034,חצור הגלילית ,HAZOR HAGELILIT ,حتْسور هچليليت,Хацор-ха-Глилит,251316.8213,765400.7463,12550,182810,29780
397,חצרים ,HAZERIM ,حتْسِريم,Хацерим,172789.7937,572097.833,12550,182810,29780
422,חרב לאת ,HEREV LE'ET ,حيرِڤ لِئيت,,191644.5129,700842.1863,78770,97980,88090
1024,חרוצים ,HARUZIM ,حروتْسيم,,187444.7783,681587.1723,98720,78420,102100
1247,חריש ,HARISH ,حريش,Хариш,204614.7954,707440.617,96380,81880,97440
3717,חרמש ,HERMESH ,حِرميش,,211398.0114,703300.8062,73640,109260,70180
1209,חרשים ,HARASHIM ,حَرَشيم,,231024.0056,762432.8017,11420,170270,46840
3770,חשמונאים ,HASHMONA'IM ,حشمونَئيم,Хашмонаим,202370.0876,648708.4392,128680,61190,114010
6700,טבריה ,TIBERIAS ,تڤِريا,Тверия,249488.8046,743591.7782,32020,164270,22670
962,טובא-זנגריה ,TUBA-ZANGARIYYE ,طوبا–زنغرية,Туба-Зангария,255953.3204,763666.7383,32020,164270,22670
498,טורעאן ,TUR'AN ,طرعان,,235425.8812,742477.9299,30870,155150,36460
2730,טייבה ,TAYIBE ,الطيبة,,200706.3096,685368.4038,92090,89000,88520
497,טייבה (בעמק) ,TAYIBE(BAEMEQ) ,الطيبة الزعبية,,242048.9893,723340.5173,92090,89000,88520
2720,טירה ,TIRE ,الطيرة,Тира,196099.0598,682303.3879,96430,83200,94830
663,טירת יהודה ,TIRAT YEHUDA ,تيرات يِهودا,,193848.9263,657824.7541,120790,62440,112550
2100,טירת כרמל ,TIRAT KARMEL ,تيرات كرميل,Тират-Кармель,197358.8695,741270.2953,38970,136910,73980
268,טירת צבי ,TIRAT ZEVI ,تيرات تْسڤي,,249874.0761,703086.7861,71720,133270,42270
1181,טל-אל ,TAL-EL ,تال شاحَر,,217064.1923,759066.8592,71720,133270,42270
462,טל שחר ,TAL SHAHAR ,تال إيل,,190969.557,634813.6904,144110,43230,132100
1177,טללים ,TELALIM ,تْلَليم,,178163.7989,544721.2849,235140,50780,216010
3788,טלמון ,TALMON ,تَلمون,,213329.1925,649256.2134,125830,69560,107310
8900,טמרה ,TAMRA ,طمرة ,,218174.2477,751017.3587,25640,154530,54340
547,טמרה (יזרעאל) ,TAMRA (YIZRE'EL) ,طمرة الزعبية,,238165.9985,726681.6778,25640,154530,54340
3743,טנא ,TENE ,تيني,,195882.7474,586986.9933,46680,143810,35780
1214,טפחות ,TEFAHOT ,تْفَحوت,,239898.3663,752524.2346,21100,166180,34520
1295,יאנוח-ג'ת ,YANUH-JAT ,يانوح–جت,,223183.5852,765572.9331,64410,120940,57560
1232,יבול ,YEVUL ,يِڤول,,135115.8494,566749.2012,223800,5620,220080
46,יבנאל ,YAVNE'EL ,يَڤنِئيل,,247188.876,735024.8881,40110,155920,24720
2660,יבנה ,YAVNE ,يَڤني,Явне,175078.9669,643145.1924,139520,38770,136520
96,יגור ,YAGUR ,يَچور,,207369.9594,738792.1562,38950,138590,64140
798,יגל ,YAGEL ,يَچيل,,188701.5546,655073.8409,124430,56940,118190
577,יד בנימין ,YAD BINYAMIN ,ياد بِنيَمين,ЯД БИНЬЯМИН,183237.1955,633912.335,146180,37320,137510
1134,יד השמונה ,YAD HASHEMONA ,ياد هشمونا,ЯД АШЕМОНА,208625.5878,635132.4201,140570,57800,121670
758,יד חנה ,YAD HANNA ,ياد حنا,ЯД Хана,200777.4062,692470.2064,85500,94480,84930
358,יד מרדכי ,YAD MORDEKHAY ,ياد مُردِخاي,ЯД МОРДЕХАЙ,158093.6072,610828.5567,174690,3450,171410
775,יד נתן ,YAD NATAN ,ياد نتان,ЯД НАТАН,172134.4503,618101.565,164260,17980,157010
64,"יד רמב""ם ",YAD RAMBAM ,ياد رَمبام,ЯД-РАМБА́М,190662.9684,645269.8758,133770,50820,124030
1144,ידידה ,YEDIDA ,يِديدا,,210089.7996,635580.7963,139960,59280,120590
9400,יהוד-מונוסון ,YEHUD-MONOSON ,يِهود,Йехуд-Моноссон,189533.9203,659908.3691,119360,61400,114010
1158,יהל ,YAHEL ,يَهيل,,212232.2364,443859.6759,330380,150770,301460
2009,יובל ,YUVAL ,يوڤال,,256105.4563,794433.1809,730,210600,17080
1226,יובלים ,YUVALIM ,يوڤَليم,,225637.8771,753700.2674,21330,160090,48230
1112,יודפת ,YODEFAT ,يودفات,,225813.3294,749112.0867,25640,156080,46950
4007,יונתן ,YONATAN ,يونَتان,,274574.2819,760335.4447,32020,193090,7170
803,יושיביה ,YOSHIVYA ,يوشيڤْيا,,162827.99,594738.4778,188770,9580,180810
452,יזרעאל ,YIZRE'EL ,يِزرِعيل,,230450.8099,718605.6661,54870,132730,46130
409,יחיעם ,YEHI'AM ,يِحيعام,,220877.9716,766924.7833,10120,169870,57450
866,יטבתה ,YOTVATA ,يُتڤاتا,Йотвата,205802.5761,422945.2318,179980,51470,156950
3607,"ייט""ב ",YITAV ,يِيتاڤ,,240295.442,650516.4757,122870,92800,94180
811,יכיני ,YAKHINI ,يَخيني,,162022.1134,599145.3664,184940,6020,178010
753,ינוב ,YANUV ,يَنوڤ,,195381.0164,690207.4862,88540,89940,90550
2011,ינון ,YINNON ,يِنون,,179396.8506,627840.0665,152910,30220,144650
29,יסוד המעלה ,YESUD HAMA'ALA ,يِسود همعلا,Йесуд-ха-Маала,256469.8189,773459.0239,9900,192820,21290
440,יסודות ,YESODOT ,يِسودوت,,187314.1248,635903.1951,143620,41480,133430
575,יסעור ,YAS'UR ,يَسْعور,,215882.1368,756206.1842,20620,158070,58340
1138,יעד ,YA'AD ,ياعَد,,223132.015,753695.4416,22370,158930,50650
1117,יעל ,YA'EL ,ياعيل,,229184.0159,717562.8979,56130,131130,47670
1044,יעף ,YE'AF ,يِعاف,,197010.3373,686043.03,92540,87020,91640
795,יערה ,YA'ARA ,يَعرا,,217714.0061,774717.8248,2190,175720,59490
499,יפיע ,YAFI ,يافة الناصرة (يَفييَع),,226046.4249,732145.6787,42030,141580,46070
3566,יפית ,YAFIT ,يَفيت,,244908.415,663354.6941,110340,103590,80470
134,יפעת ,YIF'AT ,يِفعات,,221360.102,731476.4469,43840,138490,50910
453,יפתח ,YIFTAH ,يِفتاح,,251872.3862,781395.7363,2000,197080,24960
3749,יצהר ,YIZHAR ,يِتْسهار,,222546.479,675004.5358,99220,94090,80920
759,יציץ ,YAZIZ ,يَتْسيتْس,,187006.8294,641259.3987,138400,45250,129600
417,יקום ,YAQUM ,يَكوم,,185296.7895,683872.3039,96980,79590,102550
3647,יקיר ,YAQIR ,يَكير,,210863.4807,672838.9398,103150,84950,89940
241,יקנעם (מושבה) ,YOQNE'AM(MOSHAVA) ,يُكنِعام (موشَڤا),Йокнеам (мошава),211036.1447,728916.1199,103150,84950,89940
240,יקנעם עילית ,YOQNE'AM ILLIT ,يُكنِعام عِليت,Йокнеам-Илит,210054.2295,729138.0086,103150,84950,89940
623,יראון ,YIR'ON ,يِرؤون,,242773.5965,775774.8758,1460,187700,34220
2026,ירדנה ,YARDENA ,يرْدينا,,253269.7036,718999.6918,56990,147450,27400
831,ירוחם ,YEROHAM ,يِرُحام,Йерухам,193329.7188,544192.6121,232990,63020,210410
3000,ירושלים ,JERUSALEM ,أورشليم القدس,Иерусалим,220183.7413,632033.9331,142300,66930,119010
718,ירחיב ,YARHIV ,يَرحيڤ,,197249.2125,673362.2717,104960,76600,99400
502,ירכא ,YIRKA ,يركا,,219146.3886,762117.0998,14520,165020,57000
183,ירקונה ,YARQONA ,يَركونا,,190485.8284,672408.2633,106950,72140,104970
916,ישע ,YESHA ,يِيشع,,143015.1847,573153.1121,215190,5820,210070
805,ישעי ,YISH'I ,يِشْعي,,196835.0309,628775.4465,149170,44400,133450
828,ישרש ,YASHRESH ,يَشْريش,,185782.1605,646941.2647,132940,48870,126080
1227,יתד ,YATED ,يَتيد,,135777.5594,568690.3477,221810,4960,218090
504,כאבול ,KABUL ,كابول,,219710.219,753010.6368,24080,156560,53420
505,כאוכב אבו אל-היג'א ,KAOKAB ABU AL-HIJA ,كوكب أبو الهيجا,,223568.6982,748443.2816,24080,156560,53420
576,כברי ,KABRI ,كَبْري ,,214277.4459,769574.0474,7330,169720,63500
371,כדורי ,KADOORIE ,كَدوري,,238422.5701,734253.3341,39140,150080,33610
1338,כדיתה ,KADDITA ,كديتا,,243691.1086,767906.742,39140,150080,33610
3564,כוכב השחר ,KOKHAV HASHAHAR ,كوخاڤ هشاحَر,,233186.5759,651983.4987,121370,87460,95440
1224,כוכב יאיר ,KOKHAV YA'IR ,كوخاڤ يَئير – تْسور يِچآل,,199705.9047,680886.786,96560,84840,91980
3779,כוכב יעקב ,KOKHAV YA'AQOV ,كوخاڤ يعكوڤ,,223094.7844,643251.6746,98000,83210,93550
824,כוכב מיכאל ,KOKHAV MIKHA'EL ,كوخاڤ ميخَئيل,,168680.8606,615461.6147,167480,13780,161100
1252,כורזים ,KORAZIM ,كورَزيم,,251894.8506,757204.5333,20390,176750,26690
1210,כחל ,KAHAL ,كَحال,,248051.6591,755280.4365,20870,172780,28350
1367,כחלה ,KOCHLEA ,كحلة,,204913.9784,577443.112,20870,172780,28350
840,כיסופים ,KISSUFIM ,كِسوفيم,,142951.1235,587239.82,201920,2160,199290
1153,כישור ,KISHOR ,كيشور,,223680.7922,761178.5986,15660,165890,52770
1183,כליל ,KELIL ,كْليل,,219000.2099,765057.6014,11560,167550,58610
1229,כלנית ,KALLANIT ,كلنيت,,242831.6664,753333.0253,21150,168380,32170
1331,כמאנה ,KAMMANA,الكمانة,,232327.4447,757077.769,16520,166050,43460
1291,כמהין ,KEMEHIN ,كْمِهين,,145574.4023,535788.9769,250290,37850,239370
1201,כמון ,KAMMON ,كَمون,,233919.2914,757072.5122,16030,167240,41780
2006,כנות ,KANNOT ,كَنوت,,176599.6225,634524.1257,147040,33430,141480
4028,כנף ,KANAF ,كَناف,,265952.8108,753090.6167,30430,181420,13170
63,כנרת (מושבה) ,KINNERET(MOSHAVA) ,كِنيرِت (موشَڤا),Кинерет (мошава),253158.2891,736469.7251,30430,181420,13170
57,כנרת (קבוצה) ,KINNERET(QEVUZA) ,كِنيرِت (كڤوتسا),Квуцат-Кинерет,253324.3507,735495.0435,30430,181420,13170
1059,כסיפה ,KUSEIFE ,كسيفة,,207852.4622,572828.5837,202690,58750,178560
859,כסלון ,KESALON ,كْسَلون,,204786.104,631243.7135,145210,52520,127050
1296,כסרא-סמיע ,KISRA-SUMEI ,كسرا–سميع,,228628.6452,763251.881,145210,52520,127050
978,כעביה-טבאש-חג'אג'רה ,KA'ABIYYE-TABBASH-HA ,كعبية–طباش–حجاجرة,,219398.9301,738650.472,168040,65430,141740
857,כפר אביב ,KEFAR AVIV ,كفار أڤيڤ,,173692.2097,637678.7407,144640,33960,141140
3638,כפר אדומים ,KEFAR ADUMMIM ,كفار أدُميم,Кфар-Адумим,231266.7292,636989.6376,136410,79350,109790
364,כפר אוריה ,KEFAR URIYYA ,كفار أورِيا,,195070.576,633428.4041,144850,45570,130690
690,כפר אחים ,KEFAR AHIM ,كفار أحيم,,176990.4194,628121.361,153180,28840,145990
220,כפר ביאליק ,KEFAR BIALIK ,كفار بياليك,,208417.0572,747322.2365,30220,146970,63740
177,"כפר ביל""ו ",KEFAR BILU ,كفار بيلو,,183653.1644,642294.2939,137980,43890,131020
357,כפר בלום ,KEFAR BLUM ,كفار بْلوم,,257196.3645,786495.6291,6690,204120,19470
2010,כפר בן נון ,KEFAR BIN NUN ,كفار بين نون ,,195094.0668,640966.8387,137300,50560,124600
633,כפר ברא ,KAFAR BARA ,كفر برا,,197396.0549,670882.8685,107410,74690,100960
132,כפר ברוך ,KEFAR BARUKH ,كفار بَروخ,,218165.2405,728007.6678,48100,133890,54670
106,כפר גדעון ,KEFAR GID'ON ,كفار چِدعون,,227598.8095,727737.0446,46180,138620,45530
427,כפר גלים ,KEFAR GALLIM ,كفار چَليم,,196423.8502,741359.6561,38840,137050,75280
310,כפר גליקסון ,KEFAR GLIKSON ,كفار چْليكْسون,,200717.7656,712440.974,65930,111910,75950
76,כפר גלעדי ,KEFAR GIL'ADI ,كفار چِلعدي,Кфар-Гилади,254054.005,794221.2453,2550,209130,19220
707,כפר דניאל ,KEFAR DANIYYEL ,كفار دَنِييل,,193772.6464,648954.938,129630,55570,119270
3796,כפר האורנים ,KEFAR HAORANIM ,كفار هَؤُرَنيم,,203609.6653,647450.997,129650,61180,114300
192,כפר החורש ,KEFAR HAHORESH ,كفار هحورِش,,225920.4084,733968.5367,40220,143070,46060
254,כפר המכבי ,KEFAR HAMAKKABI ,كفار همَكَبي,,211118.5366,743994.2937,33080,144940,60780
582,כפר הנגיד ,KEFAR HANAGID ,كفار هنَچيد,,176372.5194,643880.5391,137910,40520,134790
890,כפר הנוער הדתי ,KEFAR HANO'AR HADATI ,كفار هنوعر هدَتي,,209586.7725,738632.3343,137910,40520,134790
443,כפר הנשיא ,KEFAR HANASI ,كفار هَنَسي,,256621.0961,764559.6227,15560,185380,25130
187,כפר הס ,KEFAR HESS ,كفار هيس,,193932.1679,683575.7691,95440,83330,95590
217,"כפר הרא""ה ",KEFAR HARO'E ,كفار هروئي,,191856.0142,699606.6048,80030,96710,89070
888,"כפר הרי""ף ",KEFAR HARIF ,كفار هريف,,180271.3863,628336.3364,152420,31170,143730
190,כפר ויתקין ,KEFAR VITKIN ,كفار ڤيتكين,Кфар-Виткин,188732.7636,698566.2775,81750,94570,92190
320,כפר ורבורג ,KEFAR WARBURG ,كفار ڤاربورچ,,174062.8415,625302.6218,156570,24810,150040
1263,כפר ורדים ,KEFAR WERADIM ,كفار ڤرَديم,Кфар-Врадим,225354.2814,766749.5193,10270,171680,53060
1325,כפר זוהרים ,KEFAR ZOHARIM ,كفار زوهريم,,209002.2049,708738.6726,163960,35080,147660
786,כפר זיתים ,KEFAR ZETIM ,كفار زيتيم,,243750.0796,746339.3298,28140,163020,28850
696,"כפר חב""ד ",KEFAR HABAD ,كفار حَباد,Кфар-Хабад,185982.6899,655205.8328,28140,163020,28850
609,כפר חושן ,KEFAR HOSHEN ,كفار حوشِن,,241299.4847,768427.9414,28140,163020,28850
255,כפר חיטים ,KEFAR HITTIM ,كفار حِتيم,,247440.5381,745178.5523,30230,164100,24990
193,כפר חיים ,KEFAR HAYYIM ,كفار حَييم,,190827.5496,695629.4416,84270,92540,91860
1297,כפר חנניה ,KEFAR HANANYA ,كفار حَنَنْيا,,239700.3046,758031.1429,15970,170750,36800
112,כפר חסידים א' ,KEFAR HASIDIM ALEF ,كفار حسيديم ألف,,209014.4109,739520.2421,37410,140350,62780
889,כפר חסידים ב' ,KEFAR HASIDIM BET ,كفار حسيديم بيت,,208457.9668,739474.0455,38140,139680,62720
4004,כפר חרוב ,KEFAR HARUV ,كفار حَروڤ,,262428.896,740913.3783,39250,170210,9340
673,כפר טרומן ,KEFAR TRUMAN ,كفار ترومَن,Кфар-Труман,192915.6228,654175.4717,124630,59010,115920
507,כפר יאסיף ,KAFAR YASIF ,كفر ياسيف,,215528.6721,762047.8286,14720,163360,60600
233,כפר ידידיה ,YEDIDYA ,كفار يِديديا,,190660.2774,694690.7176,85240,91600,92480
140,כפר יהושע ,KEFAR YEHOSHUA ,كفار يِهوشووَع,Кфар-Иехошуа,214543.1664,732087.876,44770,135720,57570
168,כפר יונה ,KEFAR YONA ,كفار يونا,Кфар-Йона,193789.3813,691409.4079,87820,90050,91410
85,כפר יחזקאל ,KEFAR YEHEZQEL ,كفار يِحِزكيل,,233937.7974,719161.1229,54170,135250,42740
170,כפר יעבץ ,KEFAR YA'BEZ ,كفار يعبيتْس,,196962.9275,686733.4737,91920,87500,91380
508,כפר כמא ,KAFAR KAMA ,كفر كما,,241538.9848,736357.6193,37460,153590,30230
509,כפר כנא ,KAFAR KANNA ,كفر كنا,Кафр-Кана,232340.1829,739237.707,34410,150680,39330
387,כפר מונש ,KEFAR MONASH ,كفار مونَش,,192324.6383,694921.4683,84670,92500,90940
1095,כפר מימון ,KEFAR MAYMON ,كفار ميْمون,,155793.1549,593629.6911,191840,7160,186050
98,"כפר מל""ל ",KEFAR MALAL ,كفر مصر,,190208.1527,674931.9247,104570,74020,103770
510,כפר מנדא ,KAFAR MANDA ,كفار مَلال,,224991.2982,745985.5534,28770,152950,47600
274,כפר מנחם ,KEFAR MENAHEM ,كفر مندا,,184379.9592,626549.817,153390,32840,142680
297,כפר מסריק ,KEFAR MASARYK ,كفار مِنَحيم,,209617.5118,755015.4951,22420,154580,63990
512,כפר מצר ,KAFAR MISR ,كفار مَسَريك,,239914.5599,727922.5779,115990,64170,111610
764,כפר מרדכי ,KEFAR MORDEKHAY ,كفار مُردِخاي,,176844.5664,637722.3966,143840,36020,138940
316,כפר נטר ,KEFAR NETTER ,كفار نيتِر,,188437.1736,687179.7648,93420,83450,98640
345,כפר סאלד ,KEFAR SZOLD ,كفار سولد,,261698.4866,788904.1534,6200,208570,14360
6900,כפר סבא ,KEFAR SAVA ,كفار سَڤا,Кфар-Сава,192723.2892,676090.6946,102940,76080,101560
107,כפר סילבר ,KEFAR SILVER ,كفار سيلڤِر,,163297.5301,620254.3352,164230,13950,161000
249,כפר סירקין ,KEFAR SIRKIN ,كفار سيركين,,193009.9031,664837.8475,114030,67280,108250
875,כפר עבודה ,KEFAR AVODA ,كفار عڤودا,,194644.8958,684916.6543,114030,67280,108250
845,כפר עזה ,KEFAR AZZA ,كفار عزا,,155660.3538,599250.4923,186520,2200,181850
3488,כפר עציון ,KEFAR EZYON ,كفار عِتْسيون,,211013.1463,617427.971,157710,53390,136080
189,כפר פינס ,KEFAR PINES ,كفار پـينِس,,200481.4112,710036.2654,68320,109690,76980
634,כפר קאסם ,KAFAR QASEM ,كفر قاسم,Кафр-Касем,197056.5835,669377.863,109100,73600,101810
388,כפר קיש ,KEFAR KISH ,كفار كيش,,242411.6632,730314.8493,43540,149220,30630
654,כפר קרע ,KAFAR QARA ,كفر قرع,,204928.3823,712312.9808,65270,113830,71860
579,כפר ראש הנקרה ,KEFAR ROSH HANIQRA ,كفار روش هنِكرا,Рош-ха-Никра,211087.7049,776761.9212,78060,106740,70280
1130,כפר רוזנואלד (זרעית) ,KEFAR ROZENWALD(ZAR. ,كفار روزِنڤلد (زرعيت),,227250.5395,778189.2601,78060,106740,70280
295,כפר רופין ,KEFAR RUPPIN ,كفار روپين,,252570.3955,707117.2383,68350,138060,37410
1166,כפר רות ,KEFAR RUT ,كفار روت,Кфар-Рут,203485.0133,646362.7687,130750,60350,115260
605,כפר שמאי ,KEFAR SHAMMAY ,كفار رِتَميم,,243168.254,762416.4819,12380,176280,36750
743,כפר שמואל ,KEFAR SHEMU'EL ,كفار شماي,,193779.8907,643975.6937,134410,51890,122980
267,כפר שמריהו ,KEFAR SHEMARYAHU ,كفار شموئيل,Кфар-Шмарьягу,183287.8371,677054.8301,104120,72530,108060
47,כפר תבור ,KEFAR TAVOR ,كفار شمرياهو,Кфар-Тавор,239740.2996,732715.7005,40960,149450,32620
3572,כפר תפוח ,KEFAR TAPPUAH ,كفار تَڤور,,223741.0675,669571.081,104510,90980,84650
38,כרי דשא ,KARE DESHE ,كفار تپووَح,,254305.1451,759440.6194,19070,179810,25970
1285,כרכום ,KARKOM ,كركوم,,257203.2334,759528.9144,20250,181560,23140
1094,כרם ביבנה (ישיבה) ,KEREM BEYAVNE ,كيرِم بِيَڤني (يِشيڤا),,173754.9325,636403.0425,20250,181560,23140
664,כרם בן זמרה ,KEREM BEN ZIMRA ,كيرِم بين زِمرا,,244122.6315,771308.3988,4570,184410,34010
88,כרם בן שמן ,KEREM BEN SHEMEN ,كيرِم بين شيمِن,,193887.112,651738.8069,126860,57770,117080
580,"כרם מהר""ל ",KEREM MAHARAL ,كيرِم مهرال,,199397.4323,727963.9669,50840,125610,73170
1085,כרם שלום ,KEREM SHALOM ,كيرِم شلوم,,131804.5046,571062.851,220930,400,218780
1264,כרמי יוסף ,KARME YOSEF ,كرمي يوسيف,,192556.2287,639483.849,139220,47650,127400
3766,כרמי צור ,KARME ZUR ,كرمي تْسور,,209558.7204,612930.6711,162340,51250,140680
1374,כרמי קטיף ,KARME QATIF ,كرمي كَتيف,,174682.8823,527022.6061,173310,32750,156200
1139,כרמיאל ,KARMI'EL ,كرميئيل,Кармиэль,227276.1034,757321.7084,17340,164100,47730
768,כרמיה ,KARMIYYA ,كرمِيا,,156623.801,612697.8461,173410,3880,171080
1198,כרמים ,KERAMIM ,كرَميم,,192160.6944,582396.2046,195530,40150,175770
3656,כרמל ,KARMEL ,كرميل,,217490.2233,593114.1151,180950,59710,155750
1207,לבון ,LAVON ,لڤون,,227162.3729,760839.5565,14190,167120,49480
585,לביא ,LAVI ,لِڤي,,241789.1746,743825.2874,30220,159700,30310
1230,לבנים ,LIVNIM ,لِڤْنيم,,246707.8047,752177.8273,30220,159700,30310
2023,להב ,LAHAV ,لاهَڤ,,187593.4328,587518.3084,191230,33550,173430
380,להבות הבשן ,LAHAVOT HABASHAN ,لهڤوت هبَشان,,260842.0149,782879.8809,10980,202970,16040
715,להבות חביבה ,LAHAVOT HAVIVA ,لهڤوت حڤيڤا,,201135.8318,700138.2631,77930,101260,80650
1271,להבים ,LEHAVIM ,لِهڤيم,Лехавим,182192.4624,586529.4624,193120,29710,177020
7000,לוד ,LOD ,اللد,Лод,189790.68,650979.2926,128380,54380,120560
52,לוזית ,LUZIT ,لوزيت,,189302.9582,621683.8096,157260,34320,143580
595,לוחמי הגיטאות ,LOHAME HAGETA'OT ,لوحَمي هچِتَؤوت,,209529.0554,763032.8687,14490,162010,66590
1171,לוטם ,LOTEM ,لوتِم,,233746.1611,754200.1218,19150,164430,40730
1255,לוטן ,LOTAN ,لوتان,,208213.3386,433106.2029,341110,157650,312500
674,לימן ,LIMAN ,ليمان,,210776.8608,773847.3822,3590,172650,66140
24,לכיש ,LAKHISH ,لخيش,,184953.5296,607989.9074,171780,26220,157520
1310,לפיד ,LAPPID ,لپيد,,203184.4365,647168.4964,130020,60670,114780
1173,לפידות ,LAPPIDOT ,لپيدوت,,225179.7675,762887.6458,13800,167710,52390
1060,לקיה ,LAQYE ,اللقية,,187117.3596,581400.3412,197360,36700,179030
2055,מאור ,MA'OR ,مَؤور,,200749.8622,703379.2045,74740,104010,79390
102,מאיר שפיה ,ME'IR SHEFEYA ,مِئير شفِيا,,197520.899,721903.8736,57150,119310,76120
771,מבוא ביתר ,MEVO BETAR ,مِڤو بيتار,,210077.4848,625585.3103,149860,54910,129310
3569,מבוא דותן ,MEVO DOTAN ,مِڤو دوتان,,216734.0466,702910.4631,72650,111870,66020
3709,מבוא חורון ,MEVO HORON ,مِڤو حورون,Мево-Хорон,203417.9019,639691.1859,137430,56010,120820
4204,מבוא חמה ,MEVO HAMMA ,مِڤو حَما,,261752.1711,738218.0347,41660,167480,10040
1141,מבוא מודיעים ,MEVO MODI'IM ,مِڤو موديعيم,,198900.4705,648989.5789,128830,58980,115930
1318,מבואות ים ,MEVO'OT YAM ,مِڤوؤوت يام,,187860,701036,79730,96370,92120
3825,מבואות יריחו ,MEVO'OT YERIHO ,مِڤوؤوت يريهو,,,,127290,90220,98550
1080,מבועים ,MABBU'IM ,مَبوعيم,,167133.5863,595465.5403,187240,12370,177830
829,מבטחים ,MIVTAHIM ,مِڤتَحيم,,143612.5458,572306.751,215690,6640,210320
573,מבקיעים ,MAVQI'IM ,مڤكيعيم,,159765.7882,614546.4726,170600,7490,167410
1015,מבשרת ציון ,MEVASSERET ZIYYON ,مِڤَسيرِت تْسِيون,Мевасерет-Цион,213484.9019,633641.3781,140640,62380,119650
516,מג'ד אל-כרום ,MAJD AL-KURUM ,مجد الكروم,,224263.7874,758418.507,178950,37140,159860
4201,מג'דל שמס ,MAJDAL SHAMS ,مجدل شمس,Мадждаль-Шамс,272000.9949,796891.5243,6640,221050,1210
481,מגאר ,MUGHAR ,موغير,,238961.93,754631.5461,6640,221050,1210
689,מגדים ,MEGADIM ,مِچَديم,,196680.5634,736845.4968,42700,133190,75240
65,מגדל ,MIGDAL ,مِچدال,,248342.934,748677.1852,25980,167680,26350
874,מגדל העמק ,MIGDAL HAEMEQ ,مِچدال هعيمِك,Мигдаль-ха-Эмек,223062.4398,731638.8091,43390,139340,49300
3561,מגדל עוז ,MIGDAL OZ ,مِچدال عوز,,213673.3605,616320.1022,158400,55680,135890
3751,מגדלים ,MIGDALIM ,مِچدليم,,232468.095,666331.5632,107030,95340,82810
586,מגידו ,MEGIDDO ,مِچِدو,,217318.4522,720597.6175,55410,127030,57620
375,מגל ,MAGGAL ,مَچال,,203486.1624,699094.8998,78590,101500,79160
695,מגן ,MAGEN ,مَچين,,145622.4717,578919.7941,209030,5210,204100
1155,מגן שאול ,MAGEN SHA'UL ,مَچين شَؤول,,229195.1705,713941.2091,59510,128330,49420
722,מגשימים ,MAGSHIMIM ,مچشيميم,,190592.1655,661531.324,117740,63160,112300
2029,מדרך עוז ,MIDRAKH OZ ,مِدراخ عوز,,215200.8495,722308.717,54360,127550,58950
1140,מדרשת בן גוריון ,MIDRESHET BEN GURION ,مِدريشِت بين چوريون,,179015.7949,529236.6874,54360,127550,58950
897,מדרשת רופין ,MIDRESHET RUPPIN ,مِدريشِت روپين,,191951.1724,694271.765,54360,127550,58950
1200,מודיעין-מכבים-רעות ,MODI'IN-MAKKABBIM-RE ,موديعين–مكبيم–رِعوت,Модиин-Маккабим-Реут,200207.991,645701.6199,132260,57660,117700
3797,מודיעין עילית ,MODI'IN ILLIT ,موديعين عِليت,Модиин-Илит,204437.4911,648815.6846,129040,62320,113290
269,מולדת ,MOLEDET ,موليدِت,,241743.6581,721276.378,52250,141720,35030
208,מוצא עילית ,MOZA ILLIT ,موتْسا عِليت,,214991.9194,633465.4712,141330,62560,120050
635,מוקייבלה ,MUQEIBLE ,متقلب,,228183.9995,713287.4739,60450,127040,50740
1163,מורן ,MORAN ,موران,,237049.4594,758583.2829,14920,169770,39500
1178,מורשת ,MORESHET ,موريشِت,,222206.8577,748011.9422,28010,153350,50280
606,מזור ,MAZOR ,مَزور,,193142.9338,662197.2718,116850,65120,110140
28,מזכרת בתיה ,MAZKERET BATYA ,مزكيرِت بَتيا,Мазкерет-Батья,185249.3083,639415.0948,140000,43180,131670
104,מזרע ,MIZRA ,مِزراع,,227214.3525,728506.4119,45550,138930,45850
517,מזרעה ,MAZRA'A ,المزرعة,,209523.0328,765471.255,12220,164150,67450
3599,מחולה ,MEHOLA ,مِحولا,,248751.7649,696876.368,62090,120210,62890
308,מחניים ,MAHANAYIM ,محَنايم,,253764.0438,766091.0987,74790,101400,88220
776,מחסיה ,MAHSEYA ,مَحسِيا,,200771.8471,628401.1723,148850,47610,131610
43,מטולה ,METULA ,مِتولا,Метула,254242.9107,798163.9721,720,212770,18650
822,מטע ,MATTA ,مَتاع,Матта,205894.4736,625024.9871,151080,50840,131800
1128,מי עמי ,ME AMMI ,مي عمي,,214182.9227,712142.8184,64300,118300,63590
2054,מיטב ,METAV ,ميتاڤ,,228472.6214,716826.9286,56850,130200,48580
1154,מיטל ,METAL ,ميتال,,239065.9006,704926.2389,56850,130200,48580
649,מייסר ,MEISER ,ميسر,,204163.0351,705693.7627,71980,107560,75410
4019,מיצר ,MEZAR ,مِتْسار,,269362.8127,741684.8387,41860,175170,3290
1282,מירב ,MERAV ,مِراڤ,,239895.4916,706554.4712,66850,129270,45660
607,מירון ,MERON ,ميرون,,241421.6673,765809.9773,8720,178300,38190
731,מישר ,MESHAR ,ميشار,,176790.1746,636316.3681,145200,34960,139980
1268,מיתר ,METAR ,ميتار,,194103.0781,581797.2479,195940,42240,175660
3614,מכורה ,MEKHORA ,مِخورا,,240073.3367,674594.0104,98780,106510,71950
1343,מכחול ,MAKCHUL ,مكحول,,207194.4932,577463.1348,197890,55590,174210
382,מכמורת ,MIKHMORET ,مِخْمورِت,,188195.8455,701362.2662,79310,96830,91560
1202,מכמנים ,MIKHMANNIM ,مِخْمَنيم,,231190.8512,756842.7017,16900,165340,44340
164,מלאה ,MELE'A ,مِلِئة,,222531.6357,718846.0954,55840,128380,53190
2044,מלילות ,MELILOT ,مِليلوت,,161496.0808,588902.2586,194990,14170,186480
596,מלכיה ,MALKIYYA ,مَلكِيا,,248089.8212,778155.6474,780,192340,28800
2030,מנוחה ,MENUHA ,مِنوحا,,178808.2192,618320.9211,162230,23680,152350
1174,מנוף ,MANOF ,مَنوف,,222584.1315,750887.0138,25110,156200,50540
1205,מנות ,MANOT ,مَنوت,,218718.3369,771460.5852,5170,173190,58900
48,מנחמיה ,MENAHEMYA ,مِنَحِمْيا ,,252396.276,730287.2635,45820,155450,21300
347,מנרה ,MENNARA ,منارة,,251152.0048,789038.128,270,203330,23520
994,מנשית זבדה ,MANSHIYYET ZABDA ,منشية الزبدة,,218310.8303,734569.2807,41790,139790,53460
1258,מסד ,MASSAD ,مَساد,,239956.7998,749880.3837,23770,163950,33450
263,מסדה ,MASSADA ,مَسَدا,,256417.449,732111.8396,45250,159530,16820
298,מסילות ,MESILLOT ,مِسِلوت,,244830.0424,711268.4652,62670,136150,38750
742,מסילת ציון ,MESILLAT ZIYYON ,مِسِلات تْسِيون,,201146.7407,634396.232,142940,51100,126380
748,מסלול ,MASLUL ,مسلول,,160863.6139,581458.7252,202220,19020,192780
4203,מסעדה ,MAS'ADE ,مسعدة,,270849.3837,793044.4879,9150,216850,4910
939,מסעודין אל-עזאזמה ,MAS'UDIN AL-'AZAZME ,مسعودين العزازمة,,182384.3088,567415.3741,9150,216850,4910
197,מעברות ,MA'BAROT ,معبروت,,191285.1549,696668.4147,83150,93680,91000
1082,מעגלים ,MA'GALIM ,معچليم,,161867.074,589545.9342,194150,13650,185640
678,מעגן ,MA'AGAN ,معچان,,256596.1088,734717.9612,42920,161670,15650
694,מעגן מיכאל ,MA'AGAN MIKHA'EL ,معچان ميخَئيل,Ма'аган-Михаэль,192333.7211,718052.6544,62140,113860,82020
272,מעוז חיים ,MA'OZ HAYYIM ,مَعوز حَييم,,252042.5728,711051.7057,64350,140630,34380
3657,מעון ,MA'ON ,مَعون,,215258.5008,590797.3635,183130,58270,158280
570,מעונה ,ME'ONA ,مِعونا,,224658.1736,769052.5739,8640,173400,53340
518,מעיליא ,MI'ELYA ,معليا,,224385.6439,770221.0486,7410,174360,53390
416,מעין ברוך ,MA'YAN BARUKH ,مَعيان بَروخ,,256997.8512,793905.1674,183840,55590,159680
290,מעין צבי ,MA'YAN ZEVI ,مَعيان تْسڤي,,194658.789,719320.082,183840,55590,159680
3616,מעלה אדומים ,MA'ALE ADUMMIM ,مَعلي أدُميم,Маале-Адумим,229773.99,632377.0976,141830,74460,115880
3608,מעלה אפרים ,MA'ALE EFRAYIM ,مَعلي إفرايِم,,238396.7005,664090.2095,109070,98650,82100
1127,מעלה גלבוע ,MA'ALE GILBOA ,مَعلي چِلبووَع,,239631.9882,709199.6785,64320,131170,43910
4008,מעלה גמלא ,MA'ALE GAMLA ,مَعلي چَملا,,264355.4255,754912.6538,27920,182360,15160
286,מעלה החמישה ,MA'ALE HAHAMISHA ,مَعلي هحمِشا,,210640.286,636102.1862,139350,60000,119870
3752,מעלה לבונה ,MA'ALE LEVONA ,مَعلي لِڤونا,,222847.7176,662402.2752,111640,85470,91070
3651,מעלה מכמש ,MA'ALE MIKHMAS ,مَعلي مِخماس,,229073.2131,642943.5432,130530,79400,105340
1327,מעלה עירון ,MA'ALE IRON ,طلعة عارة (مَعلي عيرون),,205727.6817,583939.126,58090,124720,58340
3653,מעלה עמוס ,MA'ALE AMOS ,مَعلي عموس,,221870.2181,611566.1736,162340,63170,137090
1063,מעלות-תרשיחא ,MA'ALOT-TARSHIHA ,مَعلوت–ترْشيحا,Маалот-Таршиха,226247.7155,768737.2069,122630,86400,96770
344,מענית ,MA'ANIT ,معنيت,,202937.0323,707003.1197,70890,108110,75970
230,מעש ,MA'AS ,ماعَس,,189893.751,663424.0099,155910,60540,132210
668,מפלסים ,MEFALLESIM , مِفَلْسيم,,158625.856,601190.9898,183790,2010,178460
3745,מצדות יהודה ,MEZADOT YEHUDA ,مِتْسَدوت يِهودا,,210723.1563,585794.0314,188970,55150,165000
325,מצובה ,MAZZUVA ,مَتْسوڤا,,215075.9351,774152.2225,2690,174310,62040
757,מצליח ,MAZLIAH ,مَتْسلييَح,,188267.5435,645762.1853,2690,174310,62040
58,מצפה ,MIZPA ,مِتْسپا,,248016.7687,743997.5907,2690,174310,62040
1222,"מצפה אבי""ב ",MIZPE AVIV ,مِتْسپي أڤيڤ,,218868.8633,749362.4912,2690,174310,62040
1370,מצפה אילן ,MITSPE ILAN ,مِتْسپي إيلان,,206715.2074,707479.778,2690,174310,62040
3576,מצפה יריחו ,MIZPE YERIHO ,مِتْسپي يِريحو,Мицпе-Йерихо,237414.1736,635901.2904,2690,174310,62040
1190,מצפה נטופה ,MIZPE NETOFA ,مِتْسپي نِتوفا,,236512.4582,745444.571,2690,174310,62040
99,מצפה רמון ,MIZPE RAMON ,مِتْسپي رَمون,,180564.0841,502393.6421,276200,84610,253670
3610,מצפה שלם ,MIZPE SHALEM ,مِتْسپي شَليم,,238191.0919,608453.4755,276200,84610,253670
648,מצר ,MEZER ,ميتْسِر,,204745.5279,705170.0129,72400,107400,75110
22,מקווה ישראל ,MIQWE YISRA'EL ,مِكْڤي يِسرَئيل,Микве Исраэль,179701.4346,659613.5361,121860,55450,121670
843,מרגליות ,MARGALIYYOT ,مرْچَلِيوت,,251209.4768,791061.3758,720,205060,22790
4101,מרום גולן ,MEROM GOLAN ,مِروم چولان,,272810.5103,782099.228,18720,209050,4050
1340,מרחב עם ,MERHAV AM ,مِرحاڤ عام,,183551.3184,533087.8005,245680,62700,224260
97,מרחביה (מושב) ,MERHAVYA(MOSHAV) ,مِرحَڤيا (موشاڤ),,229980.4227,723294.7869,245680,62700,224260
66,מרחביה (קיבוץ) ,MERHAVYA(QIBBUZ) ,مِرحَڤيا (كِبوتس),,229166.5842,723534.8289,245680,62700,224260
1098,מרכז שפירא ,MERKAZ SHAPPIRA ,مِركاز شپيرا,,172421.8854,622839.0791,159370,21810,153040
421,משאבי שדה ,MASH'ABBE SADE ,مَشْأبي سَدي,,179498.0171,546059.5419,159370,21810,153040
765,משגב דב ,MISGAV DOV ,مِسچاڤ دوڤ,,175446.6635,636459.6711,23790,157630,48650
378,משגב עם ,MISGAV AM ,مِسچاڤ عَام,,251561.2135,794706.4122,200,208430,21550
520,משהד ,MESHHED ,المشهد,,230687.0057,738411.0148,35250,149190,41110
3605,משואה ,MASSU'A ,مَسوؤة,,246471.0591,668863.6882,105010,108050,74740
620,משואות יצחק ,MASSUOT YIZHAQ ,مَسؤوت يِتسحاك,,170838.1209,623467.5179,159150,21130,153720
3785,משכיות ,MASKIYYOT ,مَسْكِيوت,,247498.4906,691639.3467,82620,123420,53460
670,משמר איילון ,MISHMAR AYYALON ,مِشمار أيَلون,,194912.8137,642089.8589,136200,51210,123840
563,משמר דוד ,MISHMAR DAWID ,مِشمار دَڤيد,,190753.8436,636651.9383,142240,44430,130680
732,משמר הירדן ,MISHMAR HAYARDEN ,مِشمار هيَردين,,256410.3221,767824.8252,13030,187940,23840
395,משמר הנגב ,MISHMAR HANEGEV ,مِشمار هنيچِڤ,,173178.949,585873.0718,195220,23160,182210
130,משמר העמק ,MISHMAR HAEMEQ ,مِشمار هعيمِك,,213745.6115,723854.7934,52920,128130,60010
729,משמר השבעה ,MISHMAR HASHIV'A ,مِشمار هشِڤعا,,183542.0161,657462.3996,123100,55650,120290
194,משמר השרון ,MISHMAR HASHARON ,مِشمار هشَرون,,191238.2617,695860.5688,83880,92990,91380
213,משמרות ,MISHMAROT ,مِشمَروت,,198757.3537,710412.5141,68160,109350,78330
425,משמרת ,MISHMERET ,مِشميرِت,,192684.8312,681674.9815,97590,81020,97740
791,משען ,MASH'EN ,مَشعين,,164327.379,618525.1348,165640,13310,161550
1315,מתן ,MATTAN ,مَتان,,197818.1,673857.2968,104370,77240,98770
1184,מתת ,MATTAT ,مَتات,,233773.1846,771747.4715,1710,179860,43840
3648,מתתיהו ,MATTITYAHU ,مَتِتْياهو,,203398.1835,648522.1564,128640,61780,113550
4551,נאות גולן ,NE'OT GOLAN ,نِؤوت چولان,,265150.6084,743631.061,38100,173930,7760
1124,נאות הכיכר ,NE'OT HAKIKKAR ,نِؤوت هكِكار,,236016.9666,538164.8978,235280,101930,204380
408,נאות מרדכי ,NE'OT MORDEKHAY ,نِؤوت مُردِخاي,,256061.9995,785009.3915,5810,202270,21050
1197,נאות סמדר ,SHIZZAFON ,نِؤوت سْـمَدار,,202361.647,440086.7042,334530,149440,306590
524,נאעורה ,NA'URA ,الناعورة,,237033.3366,724390.9521,48870,141310,37710
396,נבטים ,NEVATIM ,نِڤتيم,,188659.375,570257.99,208300,45200,188380
315,נגבה ,NEGBA ,نيچْبا,,170022.2697,618825.8843,163850,17160,157670
3724,נגוהות ,NEGOHOT ,نِچوهوت,,198440.4903,600118.5233,176980,39810,157250
309,נהורה ,NEHORA ,نِهورا,,172089.475,614615.6546,167420,15920,159560
80,נהלל ,NAHALAL ,نهلال,,218489.25,732866.3108,43160,138580,53160
9100,נהריה ,NAHARIYYA ,نهريا,Нагария,209576.4694,768554.9245,9480,166750,68340
4304,נוב ,NOV ,نوڤ,,273652.7232,748789.7763,38710,183450,4370
55,נוגה ,NOGAH ,نوچَه,,171101.7999,614779.5779,167450,15230,160020
3573,נוה צוף ,NEVE TSUF ,نِڤي تسوف,,211999.0697,657012.6686,167450,15230,160020
1366,נווה ,NAVE ,نَڤي,,136120.5022,563726.8346,226340,8880,221790
926,נווה אבות ,NEWE AVOT ,نِڤي أڤوت,,197154.2478,710203.3007,68700,108420,79980
590,נווה אור ,NEWE UR ,نِڤي أور,,252197.9295,721619.5312,54210,148790,26250
4303,"נווה אטי""ב ",NEWE ATIV ,نِڤي أتيڤ,,269539.4885,796400.3579,54210,148790,26250
405,נווה אילן ,NEWE ILAN ,نِڤي إيلان,,207762.298,635055.7267,140910,57000,122260
296,נווה איתן ,NEWE ETAN ,نِڤي إيتان,,250304.2789,710915.2546,64080,139390,35510
3725,נווה דניאל ,NEWE DANIYYEL ,نِڤي دَنِييل,,213628.1067,620660.371,154220,56740,132070
1057,נווה זוהר ,NEWE ZOHAR ,نِڤي زوهَر,,234728.6087,562362.0813,210970,86980,180740
1314,נווה זיו ,NEWE ZIV ,نِڤي زيڤ,,217323.0206,770268.3841,6520,171600,60110
1279,נווה חריף ,NEWE HARIF ,نِڤي حَريف,,203329.2354,438788.9524,336050,150500,308140
312,נווה ים ,NEWE YAM ,نِڤي يام,,193874.7925,731617.1208,48760,127120,78200
686,נווה ימין ,NEWE YAMIN ,نِڤي يَمين,,194464.5271,675383.5446,103530,76600,100230
858,נווה ירק ,NEWE YARAQ ,نِڤي يَراك,,193054.0853,671091.9566,107940,72280,104070
827,נווה מבטח ,NEWE MIVTAH ,نِڤي مِڤتاح,,175524.0569,634844.8872,146920,33040,141890
1071,נווה מיכאל ,NEWE MIKHA'EL ,نِڤي ميخَئيل,,200673.244,620074.6088,157020,44060,138800
1259,נווה שלום ,NEWE SHALOM ,نِڤي شَلوم,,198045.8998,636160.9705,141730,49610,126720
15,נועם ,NO'AM ,نوعَم,,179977.3314,608413.7751,171840,21230,159730
1333,נוף איילון ,NOF AYYALON ,نوف أيَلون,,198833.3662,641487.6319,136010,53970,121590
1061,נוף הגליל ,NOF HAGALIL ,نوف هچليل,,230795.1149,734451.6386,136010,53970,121590
3790,נופים ,NOFIM ,نوفيم,,209854.1895,673564.461,102850,84630,90320
1284,נופית ,NOFIT ,نوفيت,,213996.7406,740501.7712,36360,142980,57750
257,נופך ,NOFEKH ,نوفِخ,,192626.7179,661197.9281,117780,64140,111100
3726,נוקדים ,NOQEDIM ,نوكديم,,223135.0112,616970.6377,156940,65290,131640
447,נורדיה ,NORDIYYA ,نوردِيا,,190615.1086,691174.589,88500,88530,94310
833,נורית ,NURIT ,نوريت,,233737.0367,716387.7948,56760,133050,44240
59,נחושה ,NEHUSHA ,نِحوشا,,195456.6959,614916.0997,163000,37800,145730
844,נחל עוז ,NAHAL OZ ,ناحَل عوز,,152292.1163,598029.159,188640,1410,184890
2045,נחלה ,NAHALA ,نَحَلا,,180611.5876,618566.0932,161850,25230,151230
3767,נחליאל ,NAHALI'EL ,نحَليئيل,,213378.9682,653430.4598,121810,72450,103750
449,נחלים ,NEHALIM ,نِحَليم,,191938.8145,662833.3619,116190,65010,110440
809,נחם ,NAHAM ,ناحَم,,200386.1447,630459.438,146900,48390,130030
522,נחף ,NAHEF ,نحف,,230244.8714,760042.0006,14040,167650,46500
433,נחשולים ,NAHSHOLIM ,نحْشوليم,,192878.125,724395.0559,55980,119930,80220
777,נחשון ,NAHSHON ,نحْشون ,,195817.4542,637575.9209,140560,48810,126840
705,נחשונים ,NAHSHONIM ,نحْشونيم,,195276.407,663147.693,115340,67400,107780
1147,נטועה ,NETU'A ,نِتوعا,,230527.5555,774382.9233,1500,180760,46680
4014,נטור ,NATUR ,نَتور,,270653.6588,751177.5768,34950,183320,8180
1369,נטע ,NETA ,نيتع,,192981.6614,598289.4233,179760,34830,161310
174,נטעים ,NETA'IM ,نِتعيم,,178757.7873,650271.8746,131190,47050,128650
1254,נטף ,NATAF ,نَتاف,,206516.6032,637706.8336,138540,57380,120670
523,ניין ,NEIN ,نيلي,,232999.3198,726290.2301,138540,57380,120670
3655,"ניל""י ",NILI ,نين,,204670.3799,652422.8419,124750,65260,109860
351,ניצן ,NIZZAN ,نِتْسان,,165130.3667,627623.4395,156630,20740,154330
1419,ניצן ב' ,NIZZAN B ,نِتْسان بيت,,165290.3242,627062.406,156890,20720,154300
1195,ניצנה (קהילת חינוך) ,NIZZANA (QEHILAT HIN ,نِتْسانا,,144725.3668,532939.6121,156890,20720,154300
1280,ניצני סיני ,NIZZANE SINAY ,نِتْسَني سيناي,,142315.3368,534951.3002,251820,37270,241700
851,ניצני עוז ,NIZZANE OZ ,نِتْسَني عوز,,200534.9646,690320.718,87760,92480,86310
359,ניצנים ,NIZZANIM ,نِتْسَنيم,,165495.2253,625032.6194,159010,18970,156000
808,ניר אליהו ,NIR ELIYYAHU ,نير إلِياهو,,195406.0038,678194.7746,100540,79490,97730
553,ניר בנים ,NIR BANIM ,نير بَنيم,,176837.4075,619992.2423,161130,22950,152380
720,ניר גלים ,NIR GALLIM ,نير چليم,,170192.948,637122.9095,146240,31190,144160
256,ניר דוד (תל עמל) ,NIR DAWID (TEL AMAL) ,تيل عَمال (نير دَڤيد),,243299.3894,712195.5055,61510,135790,39270
11,"ניר ח""ן ",NIR HEN ,نير حين,,172992.2744,613096.7801,168720,15900,160200
165,ניר יפה ,NIR YAFE ,نير يَفي,,223365.0561,719558.6515,55030,129340,52280
402,ניר יצחק ,NIR YIZHAQ ,نير يِتسحاك,,138773.805,572044.4896,217620,3710,213600
699,ניר ישראל ,NIR YISRA'EL ,نير يِسرَئيل,,165579.7935,621816.7534,162060,16650,158260
2047,ניר משה ,NIR MOSHE ,نير مُشي,,164974.817,598529.7013,184700,8740,176600
69,ניר עוז ,NIR OZ ,نير عوز,,143127.3665,580384.6522,208560,2790,204570
348,ניר עם ,NIR AM ,نير عام,,160218.4585,603362.4625,208560,2790,204570
769,ניר עציון ,NIR EZYON ,نير عِتْسيون,,199503.7757,733893.6237,45120,131080,72330
2048,ניר עקיבא ,NIR AQIVA ,نير عكيڤا,,166452.5688,597677.4653,185110,10430,176310
331,ניר צבי ,NIR ZEVI ,نير تْسڤي,,187234.0249,650936.9576,128600,52920,122100
602,נירים ,NIRIM ,نيريم,,142528.9399,582818.3956,206170,2470,202870
1236,נירית ,NIRIT ,نيريت,,198751.9588,672576.5708,105530,76840,98840
4035,נמרוד ,NIMROD ,نِمرود,,,,7550,217990,4000
825,נס הרים ,NES HARIM ,نيس هريم,,205326.0237,628113.781,148230,51660,129440
1143,נס עמים ,NES AMMIM ,نيس عميم,,211664.4234,763444.4098,13810,163100,64730
7200,נס ציונה ,NES ZIYYONA ,نيس تْسِيونا,Нес-Циона,180734.4016,647841.026,132800,46570,128670
186,נעורים ,NE'URIM ,نِعوريم,,187195.6558,697636.8247,83220,92940,94180
3787,נעלה ,NA'ALE ,نَعَلي,,205819.9108,652001.3701,124450,66310,108970
3713,"נעמ""ה ",NAAMA ,نَعَما,,244235.495,646076.62,124450,66310,108970
158,נען ,NA'AN ,ناعَن,,186699.7218,643422.6436,135470,47230,127650
3620,נערן ,NA'ARAN ,نَعَران,,243199.5673,652721.1725,135470,47230,127650
1041,נצאצרה (שבט) ,NASASRA ,النصاصرة,,209964.2474,569452.6981,203300,54770,180270
1372,נצר חזני ,NEZER HAZZANI ,نيتْسِر حَزَني,,187094.6066,636530.01,143010,41800,133070
435,נצר סרני ,NEZER SERENI ,نيتْسِر سِريني,,183541.1684,647899.3917,132450,48100,126960
7300,נצרת ,NAZARETH ,الناصرة,Назарет,227728.0189,734143.2878,39790,144150,44140
2500,נשר ,NESHER ,نيشِر,,204344.9586,741703.4878,36400,140200,67470
3555,נתיב הגדוד ,NETIV HAGEDUD ,نِتيڤ هچدود,,242214.3726,655052.6935,36400,140200,67470
693,"נתיב הל""ה ",NETIV HALAMED-HE ,نِتيڤ هلامِد هي,,198404.8114,621787.7199,155920,42550,138570
1242,נתיב העשרה ,NETIV HAASARA ,نِتيڤ هعَسرا,,156403.1497,608735.6535,176970,890,173970
792,נתיב השיירה ,NETIV HASHAYYARA ,نِتيڤ هَشَيَرا,,213065.8015,766543.1284,176970,890,173970
246,נתיבות ,NETIVOT ,نِتيڤوت,Нетивот,160457.8459,592170.0098,191820,10650,184210
7400,נתניה ,NETANYA ,نِتنيا,Нетания,186926.721,690287.2458,89590,87180,96030
525,סאג'ור ,SAJUR ,ساجور,,232572.9089,760710.501,12760,169540,44730
578,סאסא ,SASA ,ساسا,,237329.8953,770194.6158,3430,180060,40870
587,סביון ,SAVYON ,سَڤيون,,188644.5865,661603.454,117830,62200,113520
2046,סגולה ,SEGULA ,سْچُلا,,179166.8519,619897.6325,160820,24810,151010
942,סואעד (חמרייה) ,SAWA'ID(HAMRIYYE) ,سواعد (حميرة),,216032.3397,741429.3291,35340,144740,55700
989,סואעד (כמאנה) (שבט) ,SAWA'ID (KAMANE) ,سواعد (كمانة),,,,35340,144740,55700
526,סולם ,SULAM ,سولم,,231668.386,723560.2505,251840,43080,239050
3756,סוסיה ,SUSEYA ,سوسيا,,210847.7847,588834.3883,186020,54400,162180
1238,סופה ,SUFA ,سوفا,,137293.1794,572051.7217,218030,2700,214450
7500,סח'נין ,SAKHNIN ,سخنين,Сахнин,228479.8393,752272.2282,22030,159940,45300
1170,סייד (שבט) ,SAYYID ,سيد,,,,77750,105750,72420
1245,סלמה ,SALLAMA ,سلامة,,233968.7219,755712.5602,17770,165900,40680
3567,סלעית ,SAL'IT ,سلعيت,,204892.8247,683206.7476,94120,89190,87010
1156,סמר ,SAMAR ,سَمار,,201903.9315,415937.0769,358770,170020,330610
3777,סנסנה ,SANSANNA,سنْسنا,,190800.3774,585723.6602,192590,37210,173510
419,סעד ,SA'AD ,ساعَد,,155903.7643,597779.2397,187870,3710,182850
1360,סעוה ,SA'WA ,سعوة,,,,187870,3710,182850
454,סער ,SA'AR ,ساعَر,,210570.7041,770436.2042,7060,169260,67000
1176,ספיר ,SAPPIR ,سَپير,,217900.1965,501948.5934,271300,108230,242790
610,סתריה ,SITRIYYA ,سِترِيا,,185424.4569,644139.9239,135680,46540,128360
4501,ע'ג'ר ,GHAJAR ,غجر,,258461.6232,797294.9593,110,214180,14350
892,עבדון ,AVDON ,عڤدون,,217380.3866,772688.8264,4380,173550,60250
376,עברון ,EVRON ,عِڤرون,,209759.9215,766320.7424,11310,165060,67580
794,עגור ,AGUR ,عَچور,,191765.2829,622782.6354,155760,37020,141250
1199,עדי ,ADI ,عَدي,,216577.3761,743131.3463,33620,146490,55250
2035,עדנים ,ADANIM ,عَدَنيم,,191228.0634,671895.7793,107470,71930,104930
826,עוזה ,UZA ,عُزا,,177659.8354,611191.2798,169510,19570,158800
528,עוזייר ,UZEIR ,,,230736.2548,743963.6205,29710,154020,41180
737,עולש ,OLESH ,عولِش,,198749.0858,693213.1695,85160,94070,86240
666,עומר ,OMER ,عومِر,Омер,185279.8773,574781.8654,203750,39670,185200
810,עופר ,OFER ,عوفِر,,198560.6568,725354.4012,53580,122870,74410
3617,עופרה ,OFRA ,عُفرا,,224849.5931,651201.1764,122620,80080,99790
32,עוצם ,OZEM ,عوتْسِم,,172016.5586,616165.1895,165910,16750,158410
957,עוקבי (בנו עוקבה) ,UQBI (BANU UQBA) ,العقبي (بنو عقبة),,184816.3247,578866.3358,165910,16750,158410
328,עזוז ,EZUZ ,عِزوز,,149411.1489,522613.8486,262110,51460,248730
1149,עזר ,EZER ,عيزِر,,168894.1479,627266.3763,155940,22930,152000
837,עזריאל ,AZRI'EL ,عزْريئيل,,197430.8179,685372.729,93050,86720,91680
711,עזריה ,AZARYA ,عزَرْيا,,191027.4908,643965.9036,134670,50520,124310
817,עזריקם ,AZRIQAM ,عزريكام,,171404.225,628846.0008,153810,25700,149220
969,עטאוונה (שבט) ,ATAWNE ,العطاونة,,193819.0481,576813.6923,153810,25700,149220
3658,עטרת ,ATERET ,عتيرِت,,216812.0796,656357.3599,118400,77000,99390
1175,עידן ,IDDAN ,عِدان,,228644.5603,523934.6595,249430,103990,219550
530,עיילבון ,EILABUN ,عيلبون,,238039.1012,748962.1562,24370,162110,35130
156,עיינות ,AYANOT ,عَيَنوت,,178186.3045,647019.738,24370,162110,35130
511,עילוט ,ILUT ,عيلوط,,224843.8341,735939.3819,38700,144030,47040
687,עין איילה ,EN AYYALA ,عين أيَلا,,195470.4591,726246.4166,53650,122360,77550
546,עין אל-אסד ,EIN AL-ASAD ,عين الأسد,,237669.9865,760599.5281,53650,122360,77550
273,עין גב ,EN GEV ,عين چيڤ,,260201.556,742949.0882,36330,170380,12200
2042,עין גדי ,EN GEDI ,عين چيدي,,237499.5323,596614.0381,177750,78240,147930
436,עין דור ,EN DOR ,عين دور,,239392.6093,729189.8014,44230,146560,33830
1240,עין הבשור ,EN HABESOR ,عين هبْسور,,147050.9316,576904.7433,210500,7020,204830
74,עין הוד ,EN HOD ,عين هود,,198660.8386,733931.3237,45180,130910,73150
167,עין החורש ,EN HAHORESH ,عين هحوريش,,194577.5411,699167.7274,80020,97340,86930
289,עין המפרץ ,EN HAMIFRAZ ,عين همِفراتْس,,209350.4194,756529.7253,21030,155830,64710
383,"עין הנצי""ב ",EN HANAZIV ,عين هَنِتْسيڤ,,247458.7371,708443.826,65880,135690,39170
367,עין העמק ,EN HAEMEQ ,عين هعيمِك,,207879.3812,726204.834,51220,127500,64830
270,עין השופט ,EN HASHOFET ,عين هشوفيت,,209724.6126,722388.8266,54800,124860,64140
676,עין השלושה ,EN HASHELOSHA ,عين هشْلوشا,,143057.4086,584701.2225,204310,3360,201100
157,עין ורד ,EN WERED ,عين ڤيرِد,,193770.5858,685704.5698,93410,85030,94580
4503,עין זיוון ,EN ZIWAN ,عين زيڤان,,274589.3336,777961.9906,22880,206820,3000
1320,עין חוד ,EIN HOD ,عين حوض,,200271.8722,733024.1581,45710,130630,71690
1053,עין חצבה ,EN HAZEVA ,عين حتْسِڤا,,223416.8501,523078.9795,250620,100050,221620
89,עין חרוד (איחוד) ,EN HAROD (IHUD) ,عين حَرود (إحود),,236948.7962,718969.446,250620,100050,221620
82,עין חרוד (מאוחד) ,EN HAROD(ME'UHAD) ,عين حَرود (مِؤُحاد),,237056.6648,718128.5892,250620,100050,221620
806,עין יהב ,EN YAHAV ,عين ياهَڤ,,222652.8379,507532.5143,123180,78930,100710
813,עין יעקב ,EN YA'AQOV ,عين يعكوڤ,,221975.2176,768379.2323,8990,171570,56200
1056,"עין כרם-בי""ס חקלאי ",EN KAREM-B.S.HAQLA'I ,عين كيرِم (مدرسة زراعية),,214530.0877,631690.1429,15810,171430,36400
426,עין כרמל ,EN KARMEL ,عين كرميل,,195886.3933,731414.9684,48360,127580,76230
532,עין מאהל ,EIN MAHEL ,عين ماهل,,233366.5572,736376.9584,36940,149020,38410
521,עין נקובא ,EIN NAQQUBA ,عين نقوبا,,211609.9727,633525.8776,141890,59450,121770
223,עין עירון ,EN IRON ,عين عيرون,,201147.52,709972.0607,68240,109960,76380
622,עין צורים ,EN ZURIM ,عين تْسوريم,,173400.9866,622648.4252,159270,22390,152440
4502,עין קנייא ,EIN QINIYYE ,عين قنية,,268576.9893,793573.6516,7500,216140,6100
514,עין ראפה ,EIN RAFA ,عين رافة,,210821.0662,632991.6683,142300,58760,122350
139,עין שמר ,EN SHEMER ,عين شيمِر,,200963.4887,707695.4983,70640,107710,77590
880,עין שריד ,EN SARID ,عين سَريد,,194130.978,686706.3884,92350,86100,93690
1251,עין תמר ,EN TAMAR ,عين تَمار,,235153.1078,539338.0268,234250,100480,203550
871,עינת ,ENAT ,عينات,,194379.4128,665508.7489,113180,68650,106790
1187,עיר אובות ,IR OVOT ,عير أوڤوت,,223416.1052,524407.8001,249380,99320,220420
7600,עכו ,AKKO ,عكا,,208329.246,758645.1294,18280,158130,66670
1146,עלומים ,ALUMIM ,علوميم,,153766.5455,595736.3453,190420,4120,185750
3765,עלי ,ELI ,عِلي,,224803.7889,663960.7411,109470,88620,88110
3727,עלי זהב ,ALE ZAHAV ,علي زَهاڤ,,206520.6612,664003.8232,112690,75260,99590
688,עלמה ,ALMA ,علما,,247056.3141,773005.9914,4290,187270,30640
3715,עלמון ,ALMON ,علمون,,227941.7743,637490.8643,4290,187270,30640
1212,עמוקה ,AMUQQA ,عَمُكا,,249391.6016,767009.1642,10410,183430,30410
3824,עמיחי ,AMMIHAY ,عميحاي,,231141,661419,110890,84210,91650
779,עמינדב ,AMMINADAV ,عمينَداڤ,АММИНАДАВ,213481.7248,628694.1553,146150,59300,124850
385,עמיעד ,AMMI'AD ,عميعاد,,250967.9684,759320.1634,18250,177840,28680
318,עמיעוז ,AMMI'OZ ,عميعوز,,144115.2795,573271.8135,214820,6350,209430
773,עמיקם ,AMMIQAM ,عميكام,,202207.5239,718811.6346,59360,118360,72430
319,עמיר ,AMIR ,عمير,,258320.8701,786981.5068,7230,205160,18270
3660,עמנואל ,IMMANU'EL ,عِمَنوئيل,,213321.4077,674242.1824,101440,87340,87520
708,עמקה ,AMQA ,عمْكا,,215538.1575,764887.3433,11930,165940,61700
3712,ענב ,ENAV ,عِناڤ,,212192.4482,688034.2618,88290,97180,78640
534,עספיא ,ISIFYA ,عسفيا,,207294.6558,735229.2257,41890,135570,65480
7700,עפולה ,AFULA ,عفولا,Афула,227459.6876,724073.5691,50240,134970,47200
917,עצמון שגב ,ATSMON-SEGEV ,عتْسمون (سيچِڤ) ,,223947.6479,752296.3796,23320,158030,49500
531,עראבה ,ARRABE ,عرابة,,231930.187,750705.8176,22820,160510,41310
1246,עראמשה ,ARAMSHA ,عرامشة,,221364.7083,777066.7245,780,179410,55460
1335,ערב אל נעים ,ARRAB AL NAIM ,عرب النعيم,,227512.5439,754791.9606,20830,163450,39130
2560,ערד ,ARAD ,عَراد,,220151.0134,573794.5091,199750,68770,172920
593,ערוגות ,ARUGOT ,عروچوت,,178472.1628,626635.6199,154040,28900,145970
1192,ערערה-בנגב ,AR'ARA-BANEGEV ,عرعرة النقب,,202125.9701,562695.9301,65560,115150,68340
637,ערערה ,AR'ARA ,عارة–عرعرة,,209237.5569,711628.0992,65560,115150,68340
591,עשרת ,ASERET ,عسيرِت,,176162.8362,636963.4388,144730,34990,139970
53,עתלית ,ATLIT ,عتليت,,194965.9749,733200.043,45610,130280,76280
3748,עתניאל ,OTNI'EL ,عُتنيئيل,,202893.3869,594147.3429,181990,45270,160590
1151,פארן ,PARAN ,پاران,,214544.5785,475180.6165,181990,45270,160590
3768,פדואל ,PEDU'EL ,پدوئيل,,205040.705,663186.7149,113990,73750,101100
750,פדויים ,PEDUYIM ,پْدوييم,,163045.833,581868.6471,201410,20370,191310
838,פדיה ,PEDAYA ,پْدَيا,,188617.4504,640374.4055,138680,46090,128740
1104,פוריה - כפר עבודה ,PORIYYA-KEFAR AVODA ,پورِيا (كفار عڤودا),,251671.2427,735870.4747,177470,39980,157670
1105,פוריה - נווה עובד ,PORIYYA-NEWE OVED ,پورِيا (نِڤي عوڤيد),,250469.9755,739117.4102,177470,39980,157670
1313,פוריה עילית ,PORIYYA ILLIT ,پورِيا عِليت,,251524.0275,737394.2123,38810,160420,20200
537,פוריידיס ,FUREIDIS ,فريديس,,195940.4572,722648.1341,56830,119370,77530
767,פורת ,PORAT ,پورات,,195659.1016,686984.5078,91840,87060,92340
749,פטיש ,PATTISH ,پَتيش,,158065.9748,581822.9446,202540,16850,194060
1185,פלך ,PELEKH ,پيلِخ,,222387.6923,759767.2064,17230,164020,53620
597,פלמחים ,PALMAHIM ,پلمحيم,Пальмахим,172781.3851,649177.771,17230,164020,53620
3723,פני חבר ,PENE HEVER ,پْني حيڤِر,,215758.3467,599297.8966,82880,104910,70490
3659,פסגות ,PESAGOT ,پْسَچوت,,221431.2209,645067.419,128950,73840,106740
535,פסוטה ,FASSUTA ,فسوطة,,229333.2795,772551.3639,3510,178550,48100
2059,"פעמי תש""ז ",PA'AME TASHAZ ,پَعَمي تَشاز,,170859.4419,594365.3916,3510,178550,48100
3615,פצאל ,PEZA'EL ,پِتْسَئيل,,241960.1092,661284.0865,112270,99880,83530
536,פקיעין (בוקייעה) ,PEQI'IN (BUQEI'A) ,البقيعة,,231264.7075,764332.8119,9430,172190,47500
281,פקיעין חדשה ,PEQI'IN HADASHA ,پكيعين هحدشا,,230577.7673,765267.1271,8610,172760,48660
7800,פרדס חנה-כרכור ,PARDES HANNA-KARKUR ,پَرْديس حَنا – كَرْكور,,197819.0115,708950.571,8610,172760,48660
171,פרדסיה ,PARDESIYYA ,پَرْدِسِيا,,191662.2182,690309.863,89310,88120,93760
599,פרוד ,PAROD ,پَرود,,240808.5468,759732.2406,14600,172700,36970
2053,פרזון ,PERAZON ,پْرَزون,,229409.5193,716851.3978,56810,130690,47810
1231,פרי גן ,PERI GAN ,پْري چان,,138601.0582,570478.109,219270,4860,215030
7900,פתח תקווה ,PETAH TIQWA ,پيتح تِكڤا,Петах-Тиква,189330.9033,666948.3729,113780,65870,110280
839,פתחיה ,PETAHYA ,بيتاهيا,,189332.5995,641703.8381,137580,47130,127700
413,צאלים ,ZE'ELIM ,تْسِئِليم,,155640.8655,568205.2271,137580,47130,127700
1180,צביה ,ZVIYYA ,پْتَحْيا,,231309.7059,755006.2448,18700,163860,43320
1213,צבעון ,ZIV'ON ,تسفعون,,239300.0781,770057.1364,4110,180970,38890
465,צובה ,ZOVA ,تْسوڤا,Цуба,211377.5365,632354.5901,142950,58870,122750
1136,צוחר ,ZOHAR ,تسوحر,,145003.3106,572104.4913,215750,8290,209730
1111,צופיה ,ZOFIYYA ,تْسڤِيا,,175378.9865,640470.8746,141550,37140,138000
3791,צופים ,ZUFIN ,تْسوفيم,,201125.8342,678165.5199,141550,37140,138000
198,צופית ,ZOFIT ,تْسوفيت,,192837.3305,677588.529,101420,77690,100070
1150,צופר ,ZOFAR ,تْسوفار,,217144.4824,496654.8394,277230,112200,248630
1102,צוקי ים ,SHOSHANNAT HAAMAQIM( ,تْسوكي يام,,186873.6578,696385.9171,84460,91720,94940
1262,צוקים ,MAHANE BILDAD ,تْسوكيم,,215982.1085,488713.4317,84460,91720,94940
1113,צור הדסה ,ZUR HADASSA ,تْسور هَدَسا,ЗУР ХАДАССА,209163.0798,624797.5732,150600,53810,130290
1345,צור יצחק ,ZUR YIZHAQ ,تْسور يِتسحاك,,199951.8864,683024.8486,94950,86140,91020
276,צור משה ,ZUR MOSHE ,تْسور مُشي,,192040.143,689482.0497,90140,87460,93940
1148,צור נתן ,ZUR NATAN ,تْسور نتان,ЦУР НАТАН,201384.9717,683035.195,94800,86850,90010
774,צוריאל ,ZURI'EL ,تْسوريئيل,,229714.8044,767955.0777,6720,174590,48700
1221,צורית ,ZURIT ,تْسوريت,,223824.5197,756358.6496,19660,161650,50900
613,ציפורי ,ZIPPORI ,تْسِپوري,,226455.2162,739110.8961,35170,147650,45330
796,צלפון ,ZELAFON ,تْسلَفون,,193207.0017,634814.0659,35170,147650,45330
636,צנדלה ,SANDALA ,صندلة,,230643.32,714245.3683,35170,147650,45330
594,צפריה ,ZAFRIYYA ,تْسَفرِيا,,186523.363,656726.4735,123230,56830,118600
1079,צפרירים ,ZAFRIRIM ,تْسَفريريم,,194680.3101,618688.8831,159410,38080,143030
8000,צפת ,ZEFAT ,تْسفات,Цфат,247792.468,764037.3763,12920,179260,33780
612,צרופה ,ZERUFA ,تْسروفا,,195363.2376,728269.0421,51550,124420,77100
567,צרעה ,ZOR'A ,تْسُرعا,,197174.421,629972.4813,147940,45360,132260
1234,קבועה (שבט) ,QABBO'A ,قبوعة,,215905.3687,571855.1474,203480,70730,176440
334,קבוצת יבנה ,QEVUZAT YAVNE ,كْڤوتْسات يڤني,,173601.5289,635913.5116,146380,32540,142470
3557,קדומים ,QEDUMIM ,كْدوميم,,214809.353,680010.4984,95420,92990,81970
195,קדימה-צורן ,QADIMA-ZORAN ,كَديما–تْسُران        ,Кадима-Цоран,192057.2281,687138.921,92320,85470,95200
392,קדמה ,QEDMA ,كيدما,,178824.8646,623300.8755,157570,26520,148640
4025,קדמת צבי ,QIDMAT ZEVI ,كِدمات تْسڤي,,265689.3042,770409.7506,19210,195430,14780
3781,קדר ,QEDAR ,كِدار,,229493.0915,629041.3832,144390,74420,117990
615,קדרון ,QIDRON ,كِدرون,,180784.2486,635925.4156,144850,37180,137670
1211,קדרים ,QADDARIM ,كَدَريم,,244714.4611,756023.9226,18970,171520,31900
964,קודייראת א-צאנע(שבט) ,QUDEIRAT AS-SANI ,قديرات الصانع,,210963.0934,578239.5299,137140,62080,117500
972,קוואעין (שבט) ,QAWA'IN ,قواعين,,202565.6438,581389.0918,194680,49640,172360
766,קוממיות ,QOMEMIYYUT ,كومِمِيوت,,174473.2105,618957.1017,162650,20470,154670
1179,קורנית ,QORANIT ,كورَنيت,,223991.4881,749838.3512,25510,155910,48920
1052,קטורה ,QETURA ,كْتورا,,205626.9404,431196.2207,343430,158290,315100
1167,קיסריה ,QESARIYYA ,كيسَريا,Кесария,192079.4112,711223.4433,67920,108160,84590
414,קלחים ,QELAHIM ,كْلَحيم,,169366.0091,595188.2399,186760,14110,176540
3601,קליה ,QALYA ,كَلْيا,,244328.8477,628681.8656,144850,88440,113880
638,קלנסווה ,QALANSAWE ,قلنسوة,,198261.0333,688411.176,90460,89190,89730
4024,קלע ,QELA ,كيلع,,264456.0922,781996.7666,90460,89190,89730
1243,קציר ,QAZIR ,كَتْسير,,209954.4536,710458.5894,72830,108350,72590
1347,קצר א-סר ,KASR AS-SIRR,قصر السر,,198334.1096,554232.4206,70010,109430,74240
4100,קצרין ,QAZRIN ,كَتْسرين,Кацрин,265389.4708,766057.7314,20220,191540,16920
2620,קרית אונו ,QIRYAT ONO ,كِريات أونو,Кирьят Оно,186798.4471,662934.9997,117140,61950,114220
3611,קרית ארבע ,QIRYAT ARBA ,كِريات أرباع,Кирьят-Арба,211492.7251,605570.9667,170870,52360,148000
6800,קרית אתא ,QIRYAT ATTA ,كِريات آتا,Кирьят-Ата,210144.2812,745681.4784,32210,144780,64950
9500,קרית ביאליק ,QIRYAT BIALIK ,كِريات بْياليك,Кирьят Бялик,209407.525,749073.2659,28370,148780,63670
2630,קרית גת ,QIRYAT GAT ,كِريات چات,Кирьят-Гат,177362.0581,613281.6054,167590,20160,157260
2300,קרית טבעון ,QIRYAT TIV'ON ,كِريات تِڤعون,Кирьят-Тивон,212129.6086,735221.4453,41400,137690,59770
9600,קרית ים ,QIRYAT YAM ,كِريات يام,Кирьят-Ям,207045.023,750441.7036,27390,149300,65580
1137,קרית יערים ,QIRYAT YE'ARIM ,كِريات يِعَريم,Кирьят-Ярим,209472.8573,634428.7107,141110,58310,121770
8200,קרית מוצקין ,QIRYAT MOTZKIN ,كِريات موتْسكين,Кирьят-Моцкин,208058.4158,749680.3738,28280,148690,64540
1034,קרית מלאכי ,QIRYAT MAL'AKHI ,كِريات مَلأخي,Кирьят-Малахи,175960.9805,626640.5975,154770,27040,147800
3746,קרית נטפים ,QIRYAT NETAFIM ,كِريات نِتَفيم,Кирьят-Натафим,210759.1444,669282.0593,106780,82060,92780
78,קרית ענבים ,QIRYAT ANAVIM ,كِريات عنڤيم,Кирьят-Аневим,211358.3965,635273.0848,140110,60260,120240
469,קרית עקרון ,QIRYAT EQRON ,كِريات عِكرون,Кирьят-Экрон,183172.234,641066.4667,139210,42800,132080
412,קרית שלמה ,QIRYAT SHELOMO ,كِريات شلُمو,Кирьят Шломо,187164.1469,682367.0609,98040,78980,101900
2800,קרית שמונה ,QIRYAT SHEMONA ,كِريات شـمونا,Кирьят-Шмона,253643.3399,790131.3797,3070,205950,20540
3640,קרני שומרון ,QARNE SHOMERON ,كرني شومرون,,209242.4882,675419.0131,101390,85390,89630
4006,קשת ,QESHET ,كيشِت,,276066.7334,764892.442,30950,197400,5970
543,ראמה ,RAME ,الرامة,,234657.9896,760394.3696,12940,170210,42640
1334,ראס אל-עין ,RAS AL-EIN ,رأس العين,,235149.0484,757697.692,87480,98880,76680
990,ראס עלי ,RAS ALI ,رأس علي,,214763.9237,741912.4215,34880,144650,56980
2640,ראש העין ,ROSH HAAYIN ,روش هعايِن,Рош-ха-Аин,196550.4375,666814.9584,111510,70800,104590
26,ראש פינה ,ROSH PINNA ,روش پِنا,Рош-Пина,251056.6139,763501.3077,13960,181500,30260
3602,ראש צורים ,ROSH ZURIM ,روش تْسوريم,,211834.3218,619443.9789,155580,54680,133880
8300,ראשון לציון ,RISHON LEZIYYON ,ريشون لِتْسِيون,Ришон ле-Цион,180285.3817,652959.1938,127810,50590,125230
3795,רבבה ,REVAVA ,رِڤَڤا,,212215.0499,669497.457,106260,83170,91660
564,רבדים ,REVADIM ,رِڤَديم,,182624.9345,631141.5387,148990,34880,140000
354,רביבים ,REVIVIM ,رِڤيڤيم,,173336.2307,550308.4337,230210,43560,212890
1225,רביד ,RAVID ,رَڤيد,,243681.003,750680.1164,23920,166670,30280
390,רגבה ,REGBA ,ريچبا,,209566.9615,764578.2939,12910,163530,67050
444,רגבים ,REGAVIM ,رِچَڤيم,,203471.779,714487.2142,63580,114880,72600
1161,רהט ,RAHAT ,رهط,Рахат,176773.2174,588617.2577,191920,24000,178070
2051,רווחה ,REWAHA ,رِڤَحا,,174794.0341,617551.2006,164000,19810,155610
2016,רוויה ,REWAYA ,رِڤَيا,,244594.1842,706018.624,67820,132160,42680
1341,רוח מדבר ,RUAH MIDBAR ,رووَح مِدبار,,174431.0139,543458.8764,236820,48920,218570
362,רוחמה ,RUHAMA ,رُحاما,,172002.9267,600646.905,181010,13860,170670
539,רומאנה ,RUMMANE ,رمانة,,229448.2128,743732.594,30140,153120,42500
997,רומת הייב ,RUMAT HEIB ,رمة الهيب,,228688.0251,742751.5633,31300,151870,43020
3619,רועי ,RO'I ,روعي,,245780.9254,683881.534,90160,117200,61020
3782,רותם ,ROTEM ,روتيم,,249000.3635,693700.0881,80750,125980,50890
854,רחוב ,REHOV ,رِحوڤ,,246206.7053,706375.8216,67780,133280,41600
8400,רחובות ,REHOVOT ,رِحوڤوت,Реховот,182861.8575,644475.9211,136140,44380,130620
3822,רחלים ,REHELIM ,رِحِليم,,224367.6897,667625.6145,106190,90260,85730
540,ריחאניה ,REIHANIYYE ,الريحانية,,245924.12,772650.1638,4720,186480,31830
3568,ריחן ,REHAN ,ريحان,,213051.7478,708250.1455,68470,114300,66390
542,ריינה ,REINE ,رِمونيم,,229724.1431,736118.36,37500,146730,42440
3565,רימונים ,RIMMONIM ,الرينة,,232336.9583,649013.6058,124350,85260,98460
616,רינתיה ,RINNATYA ,رِنَتْيا,,193355.121,661269.3416,117610,64650,110550
922,רכסים ,REKHASIM ,رِخَسيم,,209864.6531,739656.0104,37560,140450,61890
1069,רם-און ,RAM-ON ,رام أون,,224579.6297,714808.4711,37560,140450,61890
4702,רמות ,RAMOT ,رَموت,,261150.801,751054.9212,30710,177840,14030
206,רמות השבים ,RAMOT HASHAVIM ,رَموت هَشَڤيم,Рамот-Хашавим,189190.0576,674771.0168,104840,73520,104450
735,רמות מאיר ,RAMOT ME'IR ,رَموت مِئير,Рамот-Меир,186416.2095,642405.5716,137320,45810,129040
445,רמות מנשה ,RAMOT MENASHE ,رَموت مِنَشي,Рамот-Менаше,205662.8268,722543.3816,55090,123220,68090
372,רמות נפתלי ,RAMOT NAFTALI ,رَموت نفتلي,Рамот-Нафтали,252009.5191,778455.1,3580,194600,24880
8500,רמלה ,RAMLA ,رملة,Рамла,188065.9515,648252.092,131130,51150,123790
8600,רמת גן ,RAMAT GAN ,رَمات چان  ,Рамат-Ган,183799.2091,663693.3378,116810,61090,115950
135,רמת דוד ,RAMAT DAWID ,رَمات دَڤيد ,Рамат-Давид,219309.6059,731525.4076,44390,137530,52930
184,רמת הכובש ,RAMAT HAKOVESH ,رَمات هكوڤيش,,194333.024,680486.9218,98450,80870,97120
335,רמת השופט ,RAMAT HASHOFET ,رَمات هشوفيت,,209388.799,724149.5105,53090,126160,64300
2650,רמת השרון ,RAMAT HASHARON ,رَمات هشَرون,Рамат ха-Шарон,184507.9311,671981.2669,108650,68850,109570
4029,רמת טראמפ ,TRUMP HEIGHTS ,رَمات ترامپ,,,,218960,43710,200780
178,רמת יוחנן ,RAMAT YOHANAN ,رَمات يوحَنان,,211763.332,744232.1214,32820,145380,60180
122,רמת ישי ,RAMAT YISHAY ,رَمات يِشاي,,215855.8393,734301.8369,42510,138240,56120
4701,רמת מגשימים ,RAMAT MAGSHIMIM ,رَمات مَچْشيميم,,275974.2283,750125.59,39390,185910,3210
339,רמת צבי ,RAMAT ZEVI ,رَمات تْسڤي,,239134.1242,721917.1647,51500,140630,36850
460,רמת רזיאל ,RAMAT RAZI'EL ,رَمات رَزيئيل,Рамат Разиэль,207000.9093,631260.6368,144830,54410,125950
127,רמת רחל ,RAMAT RAHEL ,رَمات رَحيل,Рамат-Рахель,220782.5316,627395.2046,146660,65550,122900
789,רנן ,RANNEN ,رَنين,,162022.3146,583060.827,200500,18890,190890
713,רעים ,RE'IM ,رِعيم,,148649.4954,588430.169,198930,5570,194650
8700,רעננה ,RA'ANANA ,رَعَنَنا,Раанана,187849.7638,677143.1302,103160,74480,104540
1228,רקפת ,RAQEFET ,رَكيفِت,,225087.4714,751092.2403,23930,157540,48130
247,רשפון ,RISHPON ,رِشپون,,183602.5026,678548.2606,102560,74060,106910
437,רשפים ,RESHAFIM ,رِشَفيم,,245046.7681,709606.0632,64270,135140,39710
1260,רתמים ,RETAMIM ,ريتاميم,,170320.3077,551505.9414,229640,40410,213400
324,שאר ישוב ,SHE'AR YASHUV ,شآر يَشوڤ,,261006.8605,792805.6051,2780,211070,13430
1377,שבי דרום ,SHAVE DAROM ,شَڤي دَروم,,,,185800,10100,177230
282,שבי ציון ,SHAVE ZIYYON ,شَڤي تْسِيون,,208209.0149,765149.3547,12760,163360,68590
3571,שבי שומרון ,SHAVE SHOMERON ,شَڤي شومرون,,217644.0259,685536.4023,89470,98850,76220
913,שבלי - אום אל-גנם ,SHIBLI ,الشبلي – أم الغنم,,238269.3821,731590.309,40360,148570,34620
1286,שגב-שלום ,SEGEV-SHALOM ,شقيب السلام,,184634.6097,567181.8731,123610,66180,108870
721,שדה אילן ,SEDE ILAN ,سْدي إيلان,Сде-Илан,239999.594,739323.3217,34180,155180,31700
304,שדה אליהו ,SEDE ELIYYAHU ,سْدي إلياهو,Сде-Элиягу,248592.5554,705282.5494,69330,133990,41140
861,שדה אליעזר ,SEDE ELI'EZER ,سْدي إليعيزِر,Сде-Элиэзер,252664.4816,772251.7787,7500,189860,25040
885,שדה בוקר ,SEDE BOQER ,سْدي بوكير,Сде Бокер,180131.4644,531281.6972,247800,61560,227040
36,שדה דוד ,SEDE DAWID ,سْدي دَڤيد,Сде-Давид,169989.0264,609387.2164,172930,11700,164900
284,שדה ורבורג ,SEDE WARBURG ,سْدي ڤاربورچ,Сде-Варбург,190510.0006,679556.6064,100110,78230,100420
293,שדה יואב ,SEDE YO'AV ,سْدي يوآڤ,Сде-Йоав,169847.4483,616877.7848,165590,15540,159300
142,שדה יעקב ,SEDE YA'AQOV ,سْدي يعكوڤ,Сде-Яков,213517.9942,733748.5279,43060,136790,58410
2008,שדה יצחק ,SEDE YIZHAQ ,سْدي يِتسحاك,Сде-Ицхак,199736.2936,701226.8891,77150,101460,81510
18,שדה משה ,SEDE MOSHE ,سْدي مُشي,Сде-Моше,181244.5493,613270.5717,166930,23530,155130
259,שדה נחום ,SEDE NAHUM ,سْدي نَحوم,Сде-Наум,245528.1306,714653.6347,59420,139160,35900
329,שדה נחמיה ,SEDE NEHEMYA ,سْدي نِحِمْيا,,258531.0301,787943.0574,6220,206150,17530
1058,שדה ניצן ,SEDE NIZZAN ,سْدي نِتْسان,,144651.7257,571168.0517,216610,8370,210700
739,שדה עוזיהו ,SEDE UZZIYYAHU ,سْدي عُزِياهو,,169439.7059,629532.4431,153690,24970,149980
2049,שדה צבי ,SEDE ZEVI ,سْدي تْسڤي,,172644.8735,595431.7075,186150,16780,174720
327,שדות ים ,SEDOT YAM ,سْدوت يام,,190255.0594,711039.5762,69650,106370,86290
27,שדות מיכה ,SEDOT MIKHA ,سْدوت ميخا,,192565.2798,625419.2368,153060,39020,138640
1223,שדי אברהם ,SEDE AVRAHAM ,سْدي أڤرهام,,136855.0982,569226.8719,220950,4800,217070
2015,שדי חמד ,SEDE HEMED ,سْدِي حيمِد,,194935.3925,674125.9933,104750,75710,100810
2057,שדי תרומות ,SEDE TERUMOT ,سْدي تروموت,,245932.8699,705033.4014,68850,132250,42660
555,שדמה ,SHEDEMA ,شْدِما,,175642.1882,637954.973,144090,35220,139780
306,שדמות דבורה ,SHADMOT DEVORA ,شَدْموت دْڤورا,,241121.4025,733582.2834,40130,151130,31010
3578,שדמות מחולה ,SHADMOT MEHOLA ,شَدْموت مِحولا,,250549.0991,694734.4206,79760,127760,49220
1031,שדרות ,SEDEROT ,سدِروت,Сдерот,161853.6833,603953.7757,180240,2790,174390
741,שואבה ,SHO'EVA ,شوئِڤا,,207532.8389,634018.8504,142040,56210,123340
761,שובה ,SHUVA ,شوڤا,,156786.224,595536.9926,189650,5980,183940
394,שובל ,SHOVAL ,شوڤال,,175289.0949,591434.1056,189460,21400,176410
1304,שוהם ,SHOHAM ,شوهَم,Шохам,194983.8805,656155.4612,122380,61780,113160
614,שומרה ,SHOMERA ,شومِرا,,226981.8744,776605.7111,1950,181140,50010
1265,שומריה ,SHOMERIYYA ,شومْرِيا,,189008.4563,593353.9253,185230,32280,167630
415,שוקדה ,SHOQEDA ,شوكِدا,,154806.5809,592488.7634,193300,7130,187690
456,שורש ,SHORESH ,شورِش,,206295.2895,633812.4525,142420,55120,124080
1235,שורשים ,SHORASHIM ,شُرَشيم,,224568.2678,755368.3765,20270,161040,49840
224,שושנת העמקים ,SHOSHANNAT HAAMAQIM ,شوشنات هعمكيم,,186760.553,695640.3095,85270,90920,95470
527,שזור ,SHEZOR ,شِزور,,233296.0712,759730.4161,13750,168980,43490
7,שחר ,SHAHAR ,شاحَر,,173946.344,614167.1864,13750,168980,43490
1266,שחרות ,SHAHARUT ,شَحَروت,,199743.9026,424020.7733,13750,168980,43490
865,שיבולים ,SHIBBOLIM ,شِبوليم,,162695.3331,589541.1219,194060,14170,185250
1378,שיזף ,SHEZAF ,شزاف,,177542.6588,545703.1761,249420,50780,232930
1267,שיטים ,NAHAL SHITTIM ,شيتيم,,201348.0666,454210.3747,320980,136240,293660
658,שייח' דנון ,SHEIKH DANNUN ,الشيخ دنون,,214180.2153,766540.5373,10360,166880,63640
3641,שילה ,SHILO ,شيلو,,228272.1231,662232.9145,111370,89360,88530
1165,שילת ,SHILAT ,شيلات,,201953.607,647253.8967,130020,59900,115360
1160,שכניה ,SHEKHANYA ,شخَنْيا,,223461.0237,750398.741,25260,156110,49560
873,שלווה ,SHALWA ,شَلڤا,,177987.8061,608104.4797,172620,19210,161220
439,שלוחות ,SHELUHOT ,شلوحوت,,245456.2488,708686.1747,65390,134540,40290
812,שלומי ,SHELOMI ,شلومي,,214152.2914,775690.5177,1980,174850,63150
1364,שלומית ,SHLOMIT ,شلوميت,,133694.3416,564569.4672,226520,7080,222700
366,שמיר ,SHAMIR ,شَمير,,261960.152,785696.5892,9130,206050,15180
3784,שמעה ,SHIM'A ,شِمعا,,201204.3725,588431.7242,187950,45460,166490
432,שמרת ,SHAMERAT ,شَمرات,,209280.238,761738.2062,15730,160770,66420
1337,שמשית ,SHIMSHIT ,شِمشيت,,223411.8597,737611.6094,37380,144830,48290
1287,שני ,SHANI ,شَني,,206639.3778,584908.4264,37380,144830,48290
1132,שניר ,SENIR ,سْنير,,263514.8169,793978.8138,4080,213880,10180
538,שעב ,SHA'AB ,شعب,,222939.5286,754909.8695,21480,159830,51380
4009,שעל ,SHA'AL ,شاعَل,,267460.9753,780075.0962,16550,204400,9430
856,שעלבים ,SHA'ALVIM ,شعلڤيم,,198513.9132,642031.0894,135870,53710,121750
661,שער אפרים ,SHA'AR EFRAYIM ,شاعَر إفرايِم,,199950.2489,688394.6767,89740,90500,87970
264,שער הגולן ,SHA'AR HAGOLAN ,شاعَر هچولان,,256950.916,732533.1774,45100,160130,16200
237,שער העמקים ,SHA'AR HAAMAQIM ,شاعَر هعمكيم,,210827.3154,736580.7186,40530,138110,60760
921,שער מנשה ,SHA'AR MENASHE ,شاعَر مِنَشي,,201749.1151,706217.0889,72140,106570,77630
3826,שער שומרון ,SHA'AR SHOMRON ,شاعر شمرون,,,,72140,106570,77630
232,שפיים ,SHEFAYIM ,شْفييم,,183908.6522,680752.1156,100740,75740,105920
692,שפיר ,SHAFIR ,شَفير,,173876.2659,623198.1985,158920,23070,151780
846,שפר ,SHEFER ,شيفِر,,241153.5407,761027.8384,13510,173950,37440
8800,שפרעם ,SHEFAR'AM ,شفاعمرو,,216417.3184,745668.617,30980,148740,55850
3649,שקד ,SHAQED ,شَكيد,,216102.2525,708862.632,67070,116460,63370
1233,שקף ,SHEQEF ,شيكِف,,193904.3916,602409.3011,175510,35160,157220
292,שרונה ,SHARONA ,شَرونا,,243720.4734,737105.123,37390,155490,27720
1114,שריגים (לי-און) ,LI-ON ,سَريچيم (لي أون),,193870.7149,620536.8108,157690,37990,141930
126,שריד ,SARID ,سَريد,,221419.534,729870.5892,45340,137140,51190
398,שרשרת ,SHARSHERET ,شَرشيرِت,,162320.8026,590425.5298,193220,13130,184710
1045,שתולה ,SHETULA ,شْتولا,,229675.6011,776737.2711,680,182520,47220
763,שתולים ,SHETULIM ,شْتوليم,,170148.8635,631342.6176,151650,26830,148170
2062,תאשור ,TE'ASHUR ,تِأشور,,166116.9473,586767.4016,195880,18170,185470
2061,תדהר ,TIDHAR ,تِدهار,,164500.9471,587549.3242,195410,16670,185660
1172,תובל ,TUVAL ,توڤال,,223348.2452,759429.4112,17520,163930,52400
3558,תומר ,TOMER ,تومِر,,241635.7827,658397.6561,115050,98080,86260
1083,תושיה ,TUSHIYYA ,توشِيا,,156372.9371,593715.3239,191630,7450,185670
163,תימורים ,TIMMORIM ,تيموريم,,177480.708,624750.0767,156250,26640,148250
10,תירוש ,TIROSH ,تيروش,,189539.8843,628489.6115,150350,38130,137880
5000,תל אביב - יפו ,TEL AVIV - YAFO ,تل أبيب – يافا,Тель-Авив Яффо,180489.6796,665757.436,119960,56790,121310
84,תל יוסף ,TEL YOSEF ,تيل يوسيف,Тель-Йосеф,237768.6862,717896.2948,55410,136560,40180
287,תל יצחק ,TEL YIZHAQ ,تيل يِتسحاك,,188110.0168,684357.8393,95870,81140,100200
154,תל מונד ,TEL MOND ,تيل موند,,192480.4567,684407.1162,94900,83310,96320
103,תל עדשים ,TEL ADASHIM ,تيل عدَشيم,,228546.3109,729066.4172,44710,140330,44170
719,תל קציר ,TEL QAZIR ,تيل كَتْسير,,258203.9596,734621.89,43570,162610,14220
1054,תל שבע ,TEL SHEVA ,تل السبع,,186825.9903,573009.0864,205850,41780,186840
1283,תל תאומים ,TEL TE'OMIM ,تيل تِؤوميم,,246872.8444,705367.6252,68890,132950,42020
3719,תלם ,TELEM ,تيلِم,,202989.1479,608048.412,168490,44120,148250
1051,תלמי אליהו ,TALME ELIYYAHU ,تَلمي إلِياهو,,145622.3068,570978.3821,216390,8970,210200
2003,תלמי אלעזר ,TALME EL'AZAR ,تَلمي إلعَزار,,198210.4051,705889.5469,72920,104790,80900
2050,"תלמי ביל""ו ",TALME BILU ,تَلمي بيلو,,166366.0923,594141.7019,188720,12490,179410
1237,תלמי יוסף ,TALME YOSEF ,تَلمي يوسيف,,139207.8687,567604.7526,221370,7020,216630
727,תלמי יחיאל ,TALME YEHI'EL ,تَلمي يِحيئيل,,177557.5262,629058.8081,152090,29960,144890
744,תלמי יפה ,TALME YAFE ,تَلمي يَفي,,163750.69,613861.3164,170090,9350,165500
814,תלמים ,TELAMIM ,تْلَميم,,168975.6761,608187.7783,174470,10240,166630
1244,תמרת ,TIMRAT ,تِمرات,,221403.7194,734234.0289,41070,141010,50520
2002,תנובות ,TENUVOT ,تْنوڤوت,,196715.0403,690384.3865,88460,90430,89610
752,תעוז ,TA'OZ ,تَعوز,,197600.4922,634373.3961,143600,48180,128450
709,תפרח ,TIFRAH ,تِفراح,,169260.0132,581663.8047,200230,24240,187950
665,תקומה ,TEQUMA ,تكوما,,160092.0026,595610.5333,188830,7500,181980
3563,תקוע ,TEQOA ,تْكووَع,,221818.1745,617856.6354,156070,63960,131280
970,תראבין א-צאנע (שבט) ,TARABIN AS-SANI ,ترابين الصانع,,182470.0234,563993.9105,156070,63960,131280
1346,תראבין א-צאנע(ישוב) ,TARABIN AS-SANI ,ترابين الصانع,,175124.1412,583710.3586,156070,63960,131280
778,תרום ,TARUM ,تَروم,,198418.1692,632307.074,,,129660
